"../../../Engine/Plugins/2D/Paper2D/Content/PlaceholderTextures/DummySpriteTexture.ubulk" 0
"../../../Engine/Plugins/2D/Paper2D/Content/PlaceholderTextures/DummySpriteTexture.uasset" 1
"../../../Engine/Plugins/2D/Paper2D/Content/PlaceholderTextures/DummySpriteTexture.uexp" 2
"../../../Engine/Plugins/2D/Paper2D/Content/DummySprite.uasset" 3
"../../../Engine/Plugins/2D/Paper2D/Content/DummySprite.uexp" 4
"../../../Engine/Plugins/2D/Paper2D/Content/DefaultPaperTerrainMaterial.uasset" 5
"../../../Engine/Plugins/2D/Paper2D/Content/DefaultPaperTerrainMaterial.uexp" 6
"../../../Engine/Plugins/Animation/ACLPlugin/Content/ACLAnimBoneCompressionSettings.uasset" 7
"../../../Engine/Plugins/Animation/ACLPlugin/Content/ACLAnimBoneCompressionSettings.uexp" 8
"../../../Engine/Content/EngineFonts/Faces/DroidSansFallback.uexp" 9
"../../../Engine/Content/EngineFonts/Faces/DroidSansFallback.uasset" 10
"../../../Engine/Content/EngineFonts/Faces/DroidSansFallback.ufont" 11
"../../../Engine/Content/EngineFonts/Faces/RobotoBold.uexp" 12
"../../../Engine/Content/EngineFonts/Faces/RobotoBold.uasset" 13
"../../../Engine/Content/EngineFonts/Faces/RobotoBold.ufont" 14
"../../../Engine/Content/EngineFonts/Faces/RobotoBoldItalic.uexp" 15
"../../../Engine/Content/EngineFonts/Faces/RobotoBoldItalic.uasset" 16
"../../../Engine/Content/EngineFonts/Faces/RobotoBoldItalic.ufont" 17
"../../../Engine/Content/EngineFonts/Faces/RobotoItalic.uexp" 18
"../../../Engine/Content/EngineFonts/Faces/RobotoItalic.uasset" 19
"../../../Engine/Content/EngineFonts/Faces/RobotoItalic.ufont" 20
"../../../Engine/Content/EngineFonts/Faces/RobotoLight.uexp" 21
"../../../Engine/Content/EngineFonts/Faces/RobotoLight.uasset" 22
"../../../Engine/Content/EngineFonts/Faces/RobotoLight.ufont" 23
"../../../Engine/Content/EngineFonts/Faces/RobotoRegular.uexp" 24
"../../../Engine/Content/EngineFonts/Faces/RobotoRegular.uasset" 25
"../../../Engine/Content/EngineFonts/Faces/RobotoRegular.ufont" 26
"../../../Engine/Content/EngineFonts/Roboto.uasset" 27
"../../../Engine/Content/EngineFonts/Roboto.uexp" 28
"../../../Engine/Content/EngineMaterials/DefaultDestructiblePhysicalMaterial.uasset" 29
"../../../Engine/Content/EngineMaterials/DefaultDestructiblePhysicalMaterial.uexp" 30
"../../../Engine/Content/EngineMaterials/DefaultPhysicalMaterial.uasset" 31
"../../../Engine/Content/EngineMaterials/DefaultPhysicalMaterial.uexp" 32
"../../../Engine/Content/EngineSounds/Master.uasset" 33
"../../../Engine/Content/EngineSounds/Master.uexp" 34
"../../../Engine/Plugins/Interchange/Runtime/Content/Pipelines/DefaultAssetsPipeline.uasset" 35
"../../../Engine/Plugins/Interchange/Runtime/Content/Pipelines/DefaultAssetsPipeline.uexp" 36
"../../../Engine/Plugins/Interchange/Runtime/Content/Pipelines/DefaultAudioPipeline.uasset" 37
"../../../Engine/Plugins/Interchange/Runtime/Content/Pipelines/DefaultAudioPipeline.uexp" 38
"../../../Engine/Plugins/Interchange/Runtime/Content/Pipelines/DefaultGLTFAssetsPipeline.uasset" 39
"../../../Engine/Plugins/Interchange/Runtime/Content/Pipelines/DefaultGLTFAssetsPipeline.uexp" 40
"../../../Engine/Plugins/Interchange/Runtime/Content/Pipelines/DefaultGLTFPipeline.uasset" 41
"../../../Engine/Plugins/Interchange/Runtime/Content/Pipelines/DefaultGLTFPipeline.uexp" 42
"../../../Engine/Plugins/Interchange/Runtime/Content/Pipelines/DefaultGLTFSceneAssetsPipeline.uasset" 43
"../../../Engine/Plugins/Interchange/Runtime/Content/Pipelines/DefaultGLTFSceneAssetsPipeline.uexp" 44
"../../../Engine/Plugins/Interchange/Runtime/Content/Pipelines/DefaultMaterialPipeline.uasset" 45
"../../../Engine/Plugins/Interchange/Runtime/Content/Pipelines/DefaultMaterialPipeline.uexp" 46
"../../../Engine/Plugins/Interchange/Runtime/Content/Pipelines/DefaultMaterialXPipeline.uasset" 47
"../../../Engine/Plugins/Interchange/Runtime/Content/Pipelines/DefaultMaterialXPipeline.uexp" 48
"../../../Engine/Plugins/Interchange/Runtime/Content/Pipelines/DefaultSceneAssetsPipeline.uasset" 49
"../../../Engine/Plugins/Interchange/Runtime/Content/Pipelines/DefaultSceneAssetsPipeline.uexp" 50
"../../../Engine/Plugins/Interchange/Runtime/Content/Pipelines/DefaultSceneLevelPipeline.uasset" 51
"../../../Engine/Plugins/Interchange/Runtime/Content/Pipelines/DefaultSceneLevelPipeline.uexp" 52
"../../../Engine/Plugins/Interchange/Runtime/Content/Pipelines/DefaultTexturePipeline.uasset" 53
"../../../Engine/Plugins/Interchange/Runtime/Content/Pipelines/DefaultTexturePipeline.uexp" 54
"../../../Engine/Plugins/NNE/NNEDenoiser/Content/NNED_Oidn2-3_Balanced_Alpha.uasset" 55
"../../../Engine/Plugins/NNE/NNEDenoiser/Content/NNED_Oidn2-3_Balanced_Alpha.uexp" 56
"../../../Engine/Plugins/NNE/NNEDenoiser/Content/NNED_Oidn2-3_Fast.uasset" 57
"../../../Engine/Plugins/NNE/NNEDenoiser/Content/NNED_Oidn2-3_Fast.uexp" 58
"../../../Engine/Plugins/NNE/NNEDenoiser/Content/NNED_Oidn2-3_Fast_Alpha.uasset" 59
"../../../Engine/Plugins/NNE/NNEDenoiser/Content/NNED_Oidn2-3_Fast_Alpha.uexp" 60
"../../../Engine/Plugins/NNE/NNEDenoiser/Content/NNED_Oidn2-3_HighQuality.uasset" 61
"../../../Engine/Plugins/NNE/NNEDenoiser/Content/NNED_Oidn2-3_HighQuality.uexp" 62
"../../../Engine/Plugins/NNE/NNEDenoiser/Content/NNED_Oidn2-3_HighQuality_Alpha.uasset" 63
"../../../Engine/Plugins/NNE/NNEDenoiser/Content/NNED_Oidn2-3_HighQuality_Alpha.uexp" 64
"../../../Engine/Plugins/NNE/NNEDenoiser/Content/NNEDIM_ColorAlbedoNormal_Alpha.uasset" 65
"../../../Engine/Plugins/NNE/NNEDenoiser/Content/NNEDIM_ColorAlbedoNormal_Alpha.uexp" 66
"../../../Engine/Plugins/NNE/NNEDenoiser/Content/NNEDIM_ColorAlbedoNormal_Default.uasset" 67
"../../../Engine/Plugins/NNE/NNEDenoiser/Content/NNEDIM_ColorAlbedoNormal_Default.uexp" 68
"../../../Engine/Plugins/NNE/NNEDenoiser/Content/NNEDIM_HighQuality_Alpha.uasset" 69
"../../../Engine/Plugins/NNE/NNEDenoiser/Content/NNEDIM_HighQuality_Alpha.uexp" 70
"../../../Engine/Plugins/NNE/NNEDenoiser/Content/NNEDIM_HighQuality_Default.uasset" 71
"../../../Engine/Plugins/NNE/NNEDenoiser/Content/NNEDIM_HighQuality_Default.uexp" 72
"../../../Engine/Plugins/NNE/NNEDenoiser/Content/NNEDOM_Output_Alpha.uasset" 73
"../../../Engine/Plugins/NNE/NNEDenoiser/Content/NNEDOM_Output_Alpha.uexp" 74
"../../../Engine/Plugins/NNE/NNEDenoiser/Content/NNEDOM_Output_Default.uasset" 75
"../../../Engine/Plugins/NNE/NNEDenoiser/Content/NNEDOM_Output_Default.uexp" 76
"../../../Engine/Plugins/NNE/NNEDenoiser/Content/NNEDT_Oidn2-3_Balanced.uasset" 77
"../../../Engine/Plugins/NNE/NNEDenoiser/Content/NNEDT_Oidn2-3_Balanced.uexp" 78
"../../../Engine/Plugins/NNE/NNEDenoiser/Content/NNEDT_Oidn2-3_Balanced_Alpha.uasset" 79
"../../../Engine/Plugins/NNE/NNEDenoiser/Content/NNEDT_Oidn2-3_Balanced_Alpha.uexp" 80
"../../../Engine/Plugins/NNE/NNEDenoiser/Content/NNEDTIM_ColorAlbedoNormal_Alpha.uasset" 81
"../../../Engine/Plugins/NNE/NNEDenoiser/Content/NNEDTIM_ColorAlbedoNormal_Alpha.uexp" 82
"../../../Engine/Plugins/NNE/NNEDenoiser/Content/NNEDTIM_ColorAlbedoNormal_Default.uasset" 83
"../../../Engine/Plugins/NNE/NNEDenoiser/Content/NNEDTIM_ColorAlbedoNormal_Default.uexp" 84
"../../../Engine/Plugins/NNE/NNEDenoiser/Content/NNEDTOM_Output_Alpha.uasset" 85
"../../../Engine/Plugins/NNE/NNEDenoiser/Content/NNEDTOM_Output_Alpha.uexp" 86
"../../../Engine/Plugins/NNE/NNEDenoiser/Content/NNEDTOM_Output_Default.uasset" 87
"../../../Engine/Plugins/NNE/NNEDenoiser/Content/NNEDTOM_Output_Default.uexp" 88
"../../../Engine/Plugins/2D/Paper2D/Content/DefaultSpriteMaterial.uasset" 89
"../../../Engine/Plugins/2D/Paper2D/Content/DefaultSpriteMaterial.uexp" 90
"../../../Engine/Plugins/2D/Paper2D/Content/MaskedUnlitSpriteMaterial.uasset" 91
"../../../Engine/Plugins/2D/Paper2D/Content/MaskedUnlitSpriteMaterial.uexp" 92
"../../../Engine/Plugins/2D/Paper2D/Content/OpaqueUnlitSpriteMaterial.uasset" 93
"../../../Engine/Plugins/2D/Paper2D/Content/OpaqueUnlitSpriteMaterial.uexp" 94
"../../../Engine/Content/Functions/Engine_MaterialFunctions02/WorldPositionOffset/CameraOffset.uasset" 95
"../../../Engine/Content/Functions/Engine_MaterialFunctions02/WorldPositionOffset/CameraOffset.uexp" 96
"../../../Engine/Plugins/Animation/ControlRig/Content/M_Manip.uasset" 97
"../../../Engine/Plugins/Animation/ControlRig/Content/M_Manip.uexp" 98
"../../../Engine/Content/EngineMaterials/DefaultDiffuse.ubulk" 99
"../../../Engine/Content/EngineMaterials/DefaultDiffuse.uasset" 100
"../../../Engine/Content/EngineMaterials/DefaultDiffuse.uexp" 101
"../../../Engine/Content/Functions/Engine_MaterialFunctions01/Texturing/TextureCropping.uasset" 102
"../../../Engine/Content/Functions/Engine_MaterialFunctions01/Texturing/TextureCropping.uexp" 103
"../../../Engine/Content/Functions/Engine_MaterialFunctions02/ExampleContent/DebugNumberStrip.uasset" 104
"../../../Engine/Content/Functions/Engine_MaterialFunctions02/ExampleContent/DebugNumberStrip.uexp" 105
"../../../Engine/Content/Functions/Engine_MaterialFunctions01/Debug/DebugIntValues.uasset" 106
"../../../Engine/Content/Functions/Engine_MaterialFunctions01/Debug/DebugIntValues.uexp" 107
"../../../Engine/Content/Functions/Engine_MaterialFunctions02/Utility/BreakOutFloat2Components.uasset" 108
"../../../Engine/Content/Functions/Engine_MaterialFunctions02/Utility/BreakOutFloat2Components.uexp" 109
"../../../Engine/Content/Functions/Engine_MaterialFunctions01/Texturing/ScaleUVsByCenter.uasset" 110
"../../../Engine/Content/Functions/Engine_MaterialFunctions01/Texturing/ScaleUVsByCenter.uexp" 111
"../../../Engine/Content/Functions/Engine_MaterialFunctions02/WorldPositionOffset/LocalPosition.uasset" 112
"../../../Engine/Content/Functions/Engine_MaterialFunctions02/WorldPositionOffset/LocalPosition.uexp" 113
"../../../Engine/Content/EditorLandscapeResources/LandscapeLayerUsageMaterial.uasset" 114
"../../../Engine/Content/EditorLandscapeResources/LandscapeLayerUsageMaterial.uexp" 115
"D:/Dev/DoomlikeParryGame/Content/LevelPrototyping/Materials/M_FlatCol.uasset" 116
"D:/Dev/DoomlikeParryGame/Content/LevelPrototyping/Materials/M_FlatCol.uexp" 117
"D:/Dev/DoomlikeParryGame/Content/LevelPrototyping/Materials/MI_DefaultColorway.uasset" 118
"D:/Dev/DoomlikeParryGame/Content/LevelPrototyping/Materials/MI_DefaultColorway.uexp" 119
"D:/Dev/DoomlikeParryGame/Content/FirstPerson/MI_FirstPersonColorway.uasset" 120
"D:/Dev/DoomlikeParryGame/Content/FirstPerson/MI_FirstPersonColorway.uexp" 121
"../../../Engine/Content/BasicShapes/BasicShapeMaterial.uasset" 122
"../../../Engine/Content/BasicShapes/BasicShapeMaterial.uexp" 123
"../../../Engine/Content/EditorLandscapeResources/WhiteSquareTexture.uasset" 124
"../../../Engine/Content/EditorLandscapeResources/WhiteSquareTexture.uexp" 125
"../../../Engine/Content/EditorLandscapeResources/LayerVisMaterial.uasset" 126
"../../../Engine/Content/EditorLandscapeResources/LayerVisMaterial.uexp" 127
"../../../Engine/Content/EngineMaterials/T_Default_Material_Grid_M.ubulk" 128
"../../../Engine/Content/EngineMaterials/T_Default_Material_Grid_M.uasset" 129
"../../../Engine/Content/EngineMaterials/T_Default_Material_Grid_M.uexp" 130
"../../../Engine/Content/EngineMaterials/T_Default_Material_Grid_N.ubulk" 131
"../../../Engine/Content/EngineMaterials/T_Default_Material_Grid_N.uasset" 132
"../../../Engine/Content/EngineMaterials/T_Default_Material_Grid_N.uexp" 133
"../../../Engine/Content/Functions/Engine_MaterialFunctions01/Opacity/CameraDepthFade.uasset" 134
"../../../Engine/Content/Functions/Engine_MaterialFunctions01/Opacity/CameraDepthFade.uexp" 135
"../../../Engine/Content/EngineMaterials/DefaultMaterial.uasset" 136
"../../../Engine/Content/EngineMaterials/DefaultMaterial.uexp" 137
"../../../Engine/Content/BasicShapes/Cone.ubulk" 138
"../../../Engine/Content/BasicShapes/Cone.uasset" 139
"../../../Engine/Content/BasicShapes/Cone.uexp" 140
"../../../Engine/Content/EngineMaterials/WorldGridMaterial.uasset" 141
"../../../Engine/Content/EngineMaterials/WorldGridMaterial.uexp" 142
"../../../Engine/Content/BasicShapes/Cube.ubulk" 143
"../../../Engine/Content/BasicShapes/Cube.uasset" 144
"../../../Engine/Content/BasicShapes/Cube.uexp" 145
"../../../Engine/Content/EngineMaterials/BaseFlattenDiffuseMap_VT.ubulk" 146
"../../../Engine/Content/EngineMaterials/BaseFlattenDiffuseMap_VT.uasset" 147
"../../../Engine/Content/EngineMaterials/BaseFlattenDiffuseMap_VT.uexp" 148
"../../../Engine/Content/EngineMaterials/BaseFlattenEmissiveMap_VT.ubulk" 149
"../../../Engine/Content/EngineMaterials/BaseFlattenEmissiveMap_VT.uasset" 150
"../../../Engine/Content/EngineMaterials/BaseFlattenEmissiveMap_VT.uexp" 151
"../../../Engine/Content/EngineMaterials/BaseFlattenGrayscaleMap_VT.ubulk" 152
"../../../Engine/Content/EngineMaterials/BaseFlattenGrayscaleMap_VT.uasset" 153
"../../../Engine/Content/EngineMaterials/BaseFlattenGrayscaleMap_VT.uexp" 154
"../../../Engine/Content/EngineMaterials/BaseFlattenLinearColor_VT.ubulk" 155
"../../../Engine/Content/EngineMaterials/BaseFlattenLinearColor_VT.uasset" 156
"../../../Engine/Content/EngineMaterials/BaseFlattenLinearColor_VT.uexp" 157
"../../../Engine/Content/EngineMaterials/BaseFlattenNormalMap_VT.ubulk" 158
"../../../Engine/Content/EngineMaterials/BaseFlattenNormalMap_VT.uasset" 159
"../../../Engine/Content/EngineMaterials/BaseFlattenNormalMap_VT.uexp" 160
"../../../Engine/Content/EngineMaterials/Black_1x1_EXR_Texture_VT.ubulk" 161
"../../../Engine/Content/EngineMaterials/Black_1x1_EXR_Texture_VT.uasset" 162
"../../../Engine/Content/EngineMaterials/Black_1x1_EXR_Texture_VT.uexp" 163
"../../../Engine/Content/EngineMaterials/FlattenMaterial_VT.uasset" 164
"../../../Engine/Content/EngineMaterials/FlattenMaterial_VT.uexp" 165
"../../../Engine/Content/BasicShapes/Cylinder.ubulk" 166
"../../../Engine/Content/BasicShapes/Cylinder.uasset" 167
"../../../Engine/Content/BasicShapes/Cylinder.uexp" 168
"../../../Engine/Content/Functions/Engine_MaterialFunctions02/Utility/MakeFloat3.uasset" 169
"../../../Engine/Content/Functions/Engine_MaterialFunctions02/Utility/MakeFloat3.uexp" 170
"../../../Engine/Content/EditorLandscapeResources/DefaultAlphaTexture.uasset" 171
"../../../Engine/Content/EditorLandscapeResources/DefaultAlphaTexture.uexp" 172
"../../../Engine/Content/Functions/Engine_MaterialFunctions03/Math/WithinRangeFloat2.uasset" 173
"../../../Engine/Content/Functions/Engine_MaterialFunctions03/Math/WithinRangeFloat2.uexp" 174
"../../../Engine/Content/EditorLandscapeResources/MaskBrushMaterial.uasset" 175
"../../../Engine/Content/EditorLandscapeResources/MaskBrushMaterial.uexp" 176
"../../../Engine/Content/EditorLandscapeResources/MaskBrushMaterial_MaskedRegion.uasset" 177
"../../../Engine/Content/EditorLandscapeResources/MaskBrushMaterial_MaskedRegion.uexp" 178
"../../../Engine/Content/EngineMaterials/FlattenMaterial_WS_Normal_VT.uasset" 179
"../../../Engine/Content/EngineMaterials/FlattenMaterial_WS_Normal_VT.uexp" 180
"../../../Engine/Content/BasicShapes/Plane.ubulk" 181
"../../../Engine/Content/BasicShapes/Plane.uasset" 182
"../../../Engine/Content/BasicShapes/Plane.uexp" 183
"../../../Engine/Content/EngineMaterials/GizmoMaterial.uasset" 184
"../../../Engine/Content/EngineMaterials/GizmoMaterial.uexp" 185
"../../../Engine/Content/BasicShapes/Sphere.ubulk" 186
"../../../Engine/Content/BasicShapes/Sphere.uasset" 187
"../../../Engine/Content/BasicShapes/Sphere.uexp" 188
"../../../Engine/Content/EditorLandscapeResources/SelectBrushMaterial.uasset" 189
"../../../Engine/Content/EditorLandscapeResources/SelectBrushMaterial.uexp" 190
"../../../Engine/Content/EditorLandscapeResources/SelectBrushMaterial_Selected.uasset" 191
"../../../Engine/Content/EditorLandscapeResources/SelectBrushMaterial_Selected.uexp" 192
"../../../Engine/Content/EditorLandscapeResources/SelectBrushMaterial_SelectedRegion.uasset" 193
"../../../Engine/Content/EditorLandscapeResources/SelectBrushMaterial_SelectedRegion.uexp" 194
"../../../Engine/Content/EditorLandscapeResources/SplineEditorMeshMat.uasset" 195
"../../../Engine/Content/EditorLandscapeResources/SplineEditorMeshMat.uexp" 196
"../../../Engine/Content/EditorLandscapeResources/SplineEditorMesh.ubulk" 197
"../../../Engine/Content/EditorLandscapeResources/SplineEditorMesh.uasset" 198
"../../../Engine/Content/EditorLandscapeResources/SplineEditorMesh.uexp" 199
"../../../Engine/Content/EngineResources/GradientTexture0.uasset" 200
"../../../Engine/Content/EngineResources/GradientTexture0.uexp" 201
"../../../Engine/Content/EngineDebugMaterials/M_SimpleUnlitTranslucent.uasset" 202
"../../../Engine/Content/EngineDebugMaterials/M_SimpleUnlitTranslucent.uexp" 203
"../../../Engine/Content/Functions/Engine_MaterialFunctions02/Utility/CameraDirectionVector.uasset" 204
"../../../Engine/Content/Functions/Engine_MaterialFunctions02/Utility/CameraDirectionVector.uexp" 205
"../../../Engine/Content/EngineDebugMaterials/VolumeToRender.uasset" 206
"../../../Engine/Content/EngineDebugMaterials/VolumeToRender.uexp" 207
"../../../Engine/Content/EngineDebugMaterials/M_VolumeRenderSphereTracePP.uasset" 208
"../../../Engine/Content/EngineDebugMaterials/M_VolumeRenderSphereTracePP.uexp" 209
"../../../Engine/Content/EngineResources/LandscapeVisibilityLayerInfo.uasset" 210
"../../../Engine/Content/EngineResources/LandscapeVisibilityLayerInfo.uexp" 211
"../../../Engine/Plugins/Media/MediaPlate/Content/SM_MediaPlateScreen.ubulk" 212
"../../../Engine/Plugins/Media/MediaPlate/Content/SM_MediaPlateScreen.uasset" 213
"../../../Engine/Plugins/Media/MediaPlate/Content/SM_MediaPlateScreen.uexp" 214
"../../../Engine/Content/EditorResources/BSPVertex.uasset" 215
"../../../Engine/Content/EditorResources/BSPVertex.uexp" 216
"../../../Engine/Content/EngineMaterials/InvalidLightmapSettings.ubulk" 217
"../../../Engine/Content/EngineMaterials/InvalidLightmapSettings.uasset" 218
"../../../Engine/Content/EngineMaterials/InvalidLightmapSettings.uexp" 219
"../../../Engine/Content/EngineMaterials/M_InvalidLightmapSettings.uasset" 220
"../../../Engine/Content/EngineMaterials/M_InvalidLightmapSettings.uexp" 221
"../../../Engine/Plugins/NNE/NNEDenoiser/Content/NNE_oidn2-3-0_rt_hdr_alb_nrm__dyn__fp16_opset11_DenoiseAlpha.uasset" 222
"../../../Engine/Plugins/NNE/NNEDenoiser/Content/NNE_oidn2-3-0_rt_hdr_alb_nrm__dyn__fp16_opset11_DenoiseAlpha.uexp" 223
"../../../Engine/Plugins/NNE/NNEDenoiser/Content/NNE_oidn2-3-0_rt_hdr_alb_nrm__dyn__fp16_opset11_ForwardAlpha.uasset" 224
"../../../Engine/Plugins/NNE/NNEDenoiser/Content/NNE_oidn2-3-0_rt_hdr_alb_nrm__dyn__fp16_opset11_ForwardAlpha.uexp" 225
"../../../Engine/Plugins/NNE/NNEDenoiser/Content/NNE_oidn2-3-0_rt_hdr_alb_nrm_small__dyn__fp16_opset11_DenoiseAlpha.uasset" 226
"../../../Engine/Plugins/NNE/NNEDenoiser/Content/NNE_oidn2-3-0_rt_hdr_alb_nrm_small__dyn__fp16_opset11_DenoiseAlpha.uexp" 227
"../../../Engine/Plugins/NNE/NNEDenoiser/Content/NNE_oidn2-3-0_rt_hdr_alb_nrm_small__dyn__fp16_opset11_ForwardAlpha.uasset" 228
"../../../Engine/Plugins/NNE/NNEDenoiser/Content/NNE_oidn2-3-0_rt_hdr_alb_nrm_small__dyn__fp16_opset11_ForwardAlpha.uexp" 229
"../../../Engine/Content/EngineMaterials/MiniFont.uasset" 230
"../../../Engine/Content/EngineMaterials/MiniFont.uexp" 231
"../../../Engine/Plugins/NNE/NNEDenoiser/Content/NNE_oidn2-3-0_rt_hdr_calb_cnrm_large__dyn__fp16_opset11_DenoiseAlpha.uasset" 232
"../../../Engine/Plugins/NNE/NNEDenoiser/Content/NNE_oidn2-3-0_rt_hdr_calb_cnrm_large__dyn__fp16_opset11_DenoiseAlpha.uexp" 233
"../../../Engine/Plugins/NNE/NNEDenoiser/Content/NNE_oidn2-3-0_rt_hdr_calb_cnrm_large__dyn__fp16_opset11_ForwardAlpha.uasset" 234
"../../../Engine/Plugins/NNE/NNEDenoiser/Content/NNE_oidn2-3-0_rt_hdr_calb_cnrm_large__dyn__fp16_opset11_ForwardAlpha.uexp" 235
"../../../Engine/Plugins/NNE/NNEDenoiser/Content/NNED_Oidn2-3_Balanced.uasset" 236
"../../../Engine/Plugins/NNE/NNEDenoiser/Content/NNED_Oidn2-3_Balanced.uexp" 237
"../../../Engine/Content/EngineMaterials/NaniteHiddenSectionMaterial.uasset" 238
"../../../Engine/Content/EngineMaterials/NaniteHiddenSectionMaterial.uexp" 239
"../../../Engine/Content/EditorResources/S_Actor.ubulk" 240
"../../../Engine/Content/EditorResources/S_Actor.uasset" 241
"../../../Engine/Content/EditorResources/S_Actor.uexp" 242
"../../../Engine/Content/EngineMaterials/PhAT_JointLimitMaterial.uasset" 243
"../../../Engine/Content/EngineMaterials/PhAT_JointLimitMaterial.uexp" 244
"../../../Engine/Content/EditorResources/S_BoxReflectionCapture.uasset" 245
"../../../Engine/Content/EditorResources/S_BoxReflectionCapture.uexp" 246
"../../../Engine/Content/EngineMaterials/DefaultCalibrationColor.uasset" 247
"../../../Engine/Content/EngineMaterials/DefaultCalibrationColor.uexp" 248
"../../../Engine/Content/EngineMaterials/PPM_DefaultCalibrationColor.uasset" 249
"../../../Engine/Content/EngineMaterials/PPM_DefaultCalibrationColor.uexp" 250
"../../../Engine/Content/EngineSky/M_SimpleSkyDome.uasset" 251
"../../../Engine/Content/EngineSky/M_SimpleSkyDome.uexp" 252
"../../../Engine/Content/EditorLandscapeResources/ColorMaskBrushMaterial.uasset" 253
"../../../Engine/Content/EditorLandscapeResources/ColorMaskBrushMaterial.uexp" 254
"../../../Engine/Content/EditorLandscapeResources/ColorMaskBrushMaterial_MaskedRegion.uasset" 255
"../../../Engine/Content/EditorLandscapeResources/ColorMaskBrushMaterial_MaskedRegion.uexp" 256
"../../../Engine/Content/EngineMaterials/DefaultCalibrationGrayscale.uasset" 257
"../../../Engine/Content/EngineMaterials/DefaultCalibrationGrayscale.uexp" 258
"../../../Engine/Content/EngineMaterials/PPM_DefaultCalibrationGrayscale.uasset" 259
"../../../Engine/Content/EngineMaterials/PPM_DefaultCalibrationGrayscale.uexp" 260
"../../../Engine/Content/EngineSky/T_Sky_Blue.ubulk" 261
"../../../Engine/Content/EngineSky/T_Sky_Blue.uasset" 262
"../../../Engine/Content/EngineSky/T_Sky_Blue.uexp" 263
"../../../Engine/Content/EngineSky/T_Sky_Clouds_M.ubulk" 264
"../../../Engine/Content/EngineSky/T_Sky_Clouds_M.uasset" 265
"../../../Engine/Content/EngineSky/T_Sky_Clouds_M.uexp" 266
"../../../Engine/Content/EngineSky/T_Sky_Stars.ubulk" 267
"../../../Engine/Content/EngineSky/T_Sky_Stars.uasset" 268
"../../../Engine/Content/EngineSky/T_Sky_Stars.uexp" 269
"../../../Engine/Content/EngineSky/M_Sky_Panning_Clouds2.uasset" 270
"../../../Engine/Content/EngineSky/M_Sky_Panning_Clouds2.uexp" 271
"../../../Engine/Content/EngineSky/SM_SkySphere.ubulk" 272
"../../../Engine/Content/EngineSky/SM_SkySphere.uasset" 273
"../../../Engine/Content/EngineSky/SM_SkySphere.uexp" 274
"../../../Engine/Content/Functions/Engine_MaterialFunctions02/Utility/VectorLength.uasset" 275
"../../../Engine/Content/Functions/Engine_MaterialFunctions02/Utility/VectorLength.uexp" 276
"../../../Engine/Plugins/Experimental/MeshModelingToolsetExp/Content/Materials/GetDisplacementVectorForDepthBias.uasset" 277
"../../../Engine/Plugins/Experimental/MeshModelingToolsetExp/Content/Materials/GetDisplacementVectorForDepthBias.uexp" 278
"../../../Engine/Content/Functions/Engine_MaterialFunctions03/Viewport/MF_OrthoWidth.uasset" 279
"../../../Engine/Content/Functions/Engine_MaterialFunctions03/Viewport/MF_OrthoWidth.uexp" 280
"../../../Engine/Content/Functions/Engine_MaterialFunctions02/Utility/FOV.uasset" 281
"../../../Engine/Content/Functions/Engine_MaterialFunctions02/Utility/FOV.uexp" 282
"../../../Engine/Content/Functions/Engine_MaterialFunctions02/WorldPositionOffset/V2/ObjectScale.uasset" 283
"../../../Engine/Content/Functions/Engine_MaterialFunctions02/WorldPositionOffset/V2/ObjectScale.uexp" 284
"../../../Engine/Plugins/Experimental/MeshModelingToolsetExp/Content/Materials/PointSetOverlaidComponentMaterial.uasset" 285
"../../../Engine/Plugins/Experimental/MeshModelingToolsetExp/Content/Materials/PointSetOverlaidComponentMaterial.uexp" 286
"../../../Engine/Content/EngineMaterials/PreintegratedSkinBRDF.uasset" 287
"../../../Engine/Content/EngineMaterials/PreintegratedSkinBRDF.uexp" 288
"../../../Engine/Content/Functions/Engine_MaterialFunctions02/SplitComponents.uasset" 289
"../../../Engine/Content/Functions/Engine_MaterialFunctions02/SplitComponents.uexp" 290
"../../../Engine/Content/Functions/Engine_MaterialFunctions02/Utility/BreakOutFloat3Components.uasset" 291
"../../../Engine/Content/Functions/Engine_MaterialFunctions02/Utility/BreakOutFloat3Components.uexp" 292
"../../../Engine/Content/Functions/Engine_MaterialFunctions02/Math/Transform3x3Matrix.uasset" 293
"../../../Engine/Content/Functions/Engine_MaterialFunctions02/Math/Transform3x3Matrix.uexp" 294
"../../../Engine/Content/VREditor/SnapGrid/SnapGridMaterial.uasset" 295
"../../../Engine/Content/VREditor/SnapGrid/SnapGridMaterial.uexp" 296
"../../../Engine/Content/VREditor/SnapGrid/SnapGridPlaneMesh.ubulk" 297
"../../../Engine/Content/VREditor/SnapGrid/SnapGridPlaneMesh.uasset" 298
"../../../Engine/Content/VREditor/SnapGrid/SnapGridPlaneMesh.uexp" 299
"../../../Engine/Content/VREditor/LaserPointer/VR_LaserPower_01.ubulk" 300
"../../../Engine/Content/VREditor/LaserPointer/VR_LaserPower_01.uasset" 301
"../../../Engine/Content/VREditor/LaserPointer/VR_LaserPower_01.uexp" 302
"../../../Engine/Content/VREditor/TransformGizmo/TransformGizmoMaterial.uasset" 303
"../../../Engine/Content/VREditor/TransformGizmo/TransformGizmoMaterial.uexp" 304
"../../../Engine/Content/VREditor/TransformGizmo/TranslucentTransformGizmoMaterial.uasset" 305
"../../../Engine/Content/VREditor/TransformGizmo/TranslucentTransformGizmoMaterial.uexp" 306
"../../../Engine/Content/VREditor/TransformGizmo/PlaneTranslationHandle.ubulk" 307
"../../../Engine/Content/VREditor/TransformGizmo/PlaneTranslationHandle.uasset" 308
"../../../Engine/Content/VREditor/TransformGizmo/PlaneTranslationHandle.uexp" 309
"../../../Engine/Content/VREditor/TransformGizmo/RotationHandleFull.ubulk" 310
"../../../Engine/Content/VREditor/TransformGizmo/RotationHandleFull.uasset" 311
"../../../Engine/Content/VREditor/TransformGizmo/RotationHandleFull.uexp" 312
"../../../Engine/Content/VREditor/TransformGizmo/RotationHandleIndicator.ubulk" 313
"../../../Engine/Content/VREditor/TransformGizmo/RotationHandleIndicator.uasset" 314
"../../../Engine/Content/VREditor/TransformGizmo/RotationHandleIndicator.uexp" 315
"../../../Engine/Content/VREditor/TransformGizmo/RotationHandleQuarter.ubulk" 316
"../../../Engine/Content/VREditor/TransformGizmo/RotationHandleQuarter.uasset" 317
"../../../Engine/Content/VREditor/TransformGizmo/RotationHandleQuarter.uexp" 318
"../../../Engine/Content/VREditor/TransformGizmo/StartRotationHandleIndicator.ubulk" 319
"../../../Engine/Content/VREditor/TransformGizmo/StartRotationHandleIndicator.uasset" 320
"../../../Engine/Content/VREditor/TransformGizmo/StartRotationHandleIndicator.uexp" 321
"../../../Engine/Content/VREditor/TransformGizmo/TranslucentTransformGizmoMaterial_Inst.uasset" 322
"../../../Engine/Content/VREditor/TransformGizmo/TranslucentTransformGizmoMaterial_Inst.uexp" 323
"../../../Engine/Content/VREditor/TransformGizmo/TransformGizmoFreeRotation.ubulk" 324
"../../../Engine/Content/VREditor/TransformGizmo/TransformGizmoFreeRotation.uasset" 325
"../../../Engine/Content/VREditor/TransformGizmo/TransformGizmoFreeRotation.uexp" 326
"../../../Engine/Content/VREditor/TransformGizmo/TransformGizmoMaterial_Inst.uasset" 327
"../../../Engine/Content/VREditor/TransformGizmo/TransformGizmoMaterial_Inst.uexp" 328
"../../../Engine/Content/VREditor/TransformGizmo/TranslateArrowHandle.ubulk" 329
"../../../Engine/Content/VREditor/TransformGizmo/TranslateArrowHandle.uasset" 330
"../../../Engine/Content/VREditor/TransformGizmo/TranslateArrowHandle.uexp" 331
"../../../Engine/Content/VREditor/TransformGizmo/UniformScaleHandle.ubulk" 332
"../../../Engine/Content/VREditor/TransformGizmo/UniformScaleHandle.uasset" 333
"../../../Engine/Content/VREditor/TransformGizmo/UniformScaleHandle.uexp" 334
"../../../Engine/Content/VREditor/Sounds/UI/Drop_Item_From_ContentBrowser.ubulk" 335
"../../../Engine/Content/VREditor/Sounds/UI/Drop_Item_From_ContentBrowser.uasset" 336
"../../../Engine/Content/VREditor/Sounds/UI/Drop_Item_From_ContentBrowser.uexp" 337
"../../../Engine/Content/VREditor/Sounds/UI/Gizmo_Handle_Clicked.ubulk" 338
"../../../Engine/Content/VREditor/Sounds/UI/Gizmo_Handle_Clicked.uasset" 339
"../../../Engine/Content/VREditor/Sounds/UI/Gizmo_Handle_Clicked.uexp" 340
"../../../Engine/Content/VREditor/Sounds/UI/Object_PickUp.ubulk" 341
"../../../Engine/Content/VREditor/Sounds/UI/Object_PickUp.uasset" 342
"../../../Engine/Content/VREditor/Sounds/UI/Object_PickUp.uexp" 343
"../../../Engine/Content/VREditor/Sounds/UI/Object_Snaps_To_Another_Actor.ubulk" 344
"../../../Engine/Content/VREditor/Sounds/UI/Object_Snaps_To_Another_Actor.uasset" 345
"../../../Engine/Content/VREditor/Sounds/UI/Object_Snaps_To_Another_Actor.uexp" 346
"../../../Engine/Content/VREditor/Sounds/UI/Object_Snaps_To_Grid.ubulk" 347
"../../../Engine/Content/VREditor/Sounds/UI/Object_Snaps_To_Grid.uasset" 348
"../../../Engine/Content/VREditor/Sounds/UI/Object_Snaps_To_Grid.uexp" 349
"../../../Engine/Content/VREditor/Sounds/UI/Scaling_Down.ubulk" 350
"../../../Engine/Content/VREditor/Sounds/UI/Scaling_Down.uasset" 351
"../../../Engine/Content/VREditor/Sounds/UI/Scaling_Down.uexp" 352
"../../../Engine/Content/VREditor/Sounds/UI/Scaling_Up.ubulk" 353
"../../../Engine/Content/VREditor/Sounds/UI/Scaling_Up.uasset" 354
"../../../Engine/Content/VREditor/Sounds/UI/Scaling_Up.uexp" 355
"../../../Engine/Content/VREditor/Sounds/UI/Selection_Changes.ubulk" 356
"../../../Engine/Content/VREditor/Sounds/UI/Selection_Changes.uasset" 357
"../../../Engine/Content/VREditor/Sounds/UI/Selection_Changes.uexp" 358
"../../../Engine/Content/EditorMaterials/PhAT_NoCollisionMaterial.uasset" 359
"../../../Engine/Content/EditorMaterials/PhAT_NoCollisionMaterial.uexp" 360
"../../../Engine/Content/EditorMaterials/PhAT_UnselectedMaterial.uasset" 361
"../../../Engine/Content/EditorMaterials/PhAT_UnselectedMaterial.uexp" 362
"../../../Engine/Content/EngineMaterials/RemoveSurfaceMaterial.uasset" 363
"../../../Engine/Content/EngineMaterials/RemoveSurfaceMaterial.uexp" 364
"../../../Engine/Content/EditorMaterials/PreviewShadowIndicator.ubulk" 365
"../../../Engine/Content/EditorMaterials/PreviewShadowIndicator.uasset" 366
"../../../Engine/Content/EditorMaterials/PreviewShadowIndicator.uexp" 367
"../../../Engine/Content/EditorMaterials/PreviewShadowIndicatorMaterial.uasset" 368
"../../../Engine/Content/EditorMaterials/PreviewShadowIndicatorMaterial.uexp" 369
"../../../Engine/Plugins/Animation/ControlRig/Content/Controls/ControlRig_Arrow2_1mm.ubulk" 370
"../../../Engine/Plugins/Animation/ControlRig/Content/Controls/ControlRig_Arrow2_1mm.uasset" 371
"../../../Engine/Plugins/Animation/ControlRig/Content/Controls/ControlRig_Arrow2_1mm.uexp" 372
"../../../Engine/Plugins/Animation/ControlRig/Content/Controls/ControlRig_Arrow2_3mm.ubulk" 373
"../../../Engine/Plugins/Animation/ControlRig/Content/Controls/ControlRig_Arrow2_3mm.uasset" 374
"../../../Engine/Plugins/Animation/ControlRig/Content/Controls/ControlRig_Arrow2_3mm.uexp" 375
"../../../Engine/Content/EngineMaterials/SMAAAreaTex.uasset" 376
"../../../Engine/Content/EngineMaterials/SMAAAreaTex.uexp" 377
"../../../Engine/Plugins/Animation/ControlRig/Content/Controls/ControlRig_Arrow2_solid.ubulk" 378
"../../../Engine/Plugins/Animation/ControlRig/Content/Controls/ControlRig_Arrow2_solid.uasset" 379
"../../../Engine/Plugins/Animation/ControlRig/Content/Controls/ControlRig_Arrow2_solid.uexp" 380
"../../../Engine/Content/EngineMaterials/SMAASearchTex.uasset" 381
"../../../Engine/Content/EngineMaterials/SMAASearchTex.uexp" 382
"../../../Engine/Plugins/Animation/ControlRig/Content/Controls/ControlRig_Arrow4_1mm.ubulk" 383
"../../../Engine/Plugins/Animation/ControlRig/Content/Controls/ControlRig_Arrow4_1mm.uasset" 384
"../../../Engine/Plugins/Animation/ControlRig/Content/Controls/ControlRig_Arrow4_1mm.uexp" 385
"../../../Engine/Content/EditorLandscapeResources/LandscapeDirtyMaterial.uasset" 386
"../../../Engine/Content/EditorLandscapeResources/LandscapeDirtyMaterial.uexp" 387
"../../../Engine/Plugins/Animation/ControlRig/Content/Controls/ControlRig_Arrow4_3mm.ubulk" 388
"../../../Engine/Plugins/Animation/ControlRig/Content/Controls/ControlRig_Arrow4_3mm.uasset" 389
"../../../Engine/Plugins/Animation/ControlRig/Content/Controls/ControlRig_Arrow4_3mm.uexp" 390
"../../../Engine/Plugins/Animation/ControlRig/Content/Controls/ControlRig_Arrow4_solid.ubulk" 391
"../../../Engine/Plugins/Animation/ControlRig/Content/Controls/ControlRig_Arrow4_solid.uasset" 392
"../../../Engine/Plugins/Animation/ControlRig/Content/Controls/ControlRig_Arrow4_solid.uexp" 393
"../../../Engine/Plugins/Animation/ControlRig/Content/Controls/ControlRig_Arrow_1mm.ubulk" 394
"../../../Engine/Plugins/Animation/ControlRig/Content/Controls/ControlRig_Arrow_1mm.uasset" 395
"../../../Engine/Plugins/Animation/ControlRig/Content/Controls/ControlRig_Arrow_1mm.uexp" 396
"../../../Engine/Plugins/Interchange/Assets/Content/Functions/MX_AnisotropicVDF.uasset" 397
"../../../Engine/Plugins/Interchange/Assets/Content/Functions/MX_AnisotropicVDF.uexp" 398
"../../../Engine/Content/Functions/Engine_MaterialFunctions02/WorldPositionOffset/ObjectScale.uasset" 399
"../../../Engine/Content/Functions/Engine_MaterialFunctions02/WorldPositionOffset/ObjectScale.uexp" 400
"../../../Engine/Plugins/Editor/SpeedTreeImporter/Content/SpeedTree9/Empty.uasset" 401
"../../../Engine/Plugins/Editor/SpeedTreeImporter/Content/SpeedTree9/Empty.uexp" 402
"../../../Engine/Plugins/Editor/SpeedTreeImporter/Content/SpeedTree9/EmptyNormal.uasset" 403
"../../../Engine/Plugins/Editor/SpeedTreeImporter/Content/SpeedTree9/EmptyNormal.uexp" 404
"../../../Engine/Plugins/Editor/SpeedTreeImporter/Content/SpeedTree9/game_wind_noise.ubulk" 405
"../../../Engine/Plugins/Editor/SpeedTreeImporter/Content/SpeedTree9/game_wind_noise.uasset" 406
"../../../Engine/Plugins/Editor/SpeedTreeImporter/Content/SpeedTree9/game_wind_noise.uexp" 407
"../../../Engine/Plugins/Editor/SpeedTreeImporter/Content/SpeedTree9/SpeedTreeBillboard.uasset" 408
"../../../Engine/Plugins/Editor/SpeedTreeImporter/Content/SpeedTree9/SpeedTreeBillboard.uexp" 409
"../../../Engine/Content/Functions/Engine_MaterialFunctions02/SafeNormalize.uasset" 410
"../../../Engine/Content/Functions/Engine_MaterialFunctions02/SafeNormalize.uexp" 411
"../../../Engine/Plugins/Editor/SpeedTreeImporter/Content/SpeedTree9/SpeedTreeWindMotion.uasset" 412
"../../../Engine/Plugins/Editor/SpeedTreeImporter/Content/SpeedTree9/SpeedTreeWindMotion.uexp" 413
"../../../Engine/Plugins/Editor/SpeedTreeImporter/Content/SpeedTree9/UnpackDirection.uasset" 414
"../../../Engine/Plugins/Editor/SpeedTreeImporter/Content/SpeedTree9/UnpackDirection.uexp" 415
"../../../Engine/Plugins/Editor/SpeedTreeImporter/Content/SpeedTree9/UnpackInteger3.uasset" 416
"../../../Engine/Plugins/Editor/SpeedTreeImporter/Content/SpeedTree9/UnpackInteger3.uexp" 417
"../../../Engine/Plugins/Editor/SpeedTreeImporter/Content/SpeedTree9/SpeedTreeBranchMotion.uasset" 418
"../../../Engine/Plugins/Editor/SpeedTreeImporter/Content/SpeedTree9/SpeedTreeBranchMotion.uexp" 419
"../../../Engine/Content/Functions/Engine_MaterialFunctions02/ObjectLocalBounds.uasset" 420
"../../../Engine/Content/Functions/Engine_MaterialFunctions02/ObjectLocalBounds.uexp" 421
"../../../Engine/Content/Functions/Engine_MaterialFunctions02/UVs/BoundingBoxBased_0-1_UVW.uasset" 422
"../../../Engine/Content/Functions/Engine_MaterialFunctions02/UVs/BoundingBoxBased_0-1_UVW.uexp" 423
"../../../Engine/Plugins/Editor/SpeedTreeImporter/Content/SpeedTree9/SpeedTreeWind.uasset" 424
"../../../Engine/Plugins/Editor/SpeedTreeImporter/Content/SpeedTree9/SpeedTreeWind.uexp" 425
"../../../Engine/Plugins/Editor/SpeedTreeImporter/Content/SpeedTree9/SpeedTreeBillboardMaster.uasset" 426
"../../../Engine/Plugins/Editor/SpeedTreeImporter/Content/SpeedTree9/SpeedTreeBillboardMaster.uexp" 427
"../../../Engine/Plugins/Animation/ControlRig/Content/Controls/ControlRig_Arrow_3mm.ubulk" 428
"../../../Engine/Plugins/Animation/ControlRig/Content/Controls/ControlRig_Arrow_3mm.uasset" 429
"../../../Engine/Plugins/Animation/ControlRig/Content/Controls/ControlRig_Arrow_3mm.uexp" 430
"../../../Engine/Plugins/Interchange/Assets/Content/Functions/MX_BurleyDiffuseBSDF.uasset" 431
"../../../Engine/Plugins/Interchange/Assets/Content/Functions/MX_BurleyDiffuseBSDF.uexp" 432
"../../../Engine/Plugins/Editor/SpeedTreeImporter/Content/SpeedTree9/SpeedTreeCameraFacing.uasset" 433
"../../../Engine/Plugins/Editor/SpeedTreeImporter/Content/SpeedTree9/SpeedTreeCameraFacing.uexp" 434
"../../../Engine/Plugins/Editor/SpeedTreeImporter/Content/SpeedTree9/SpeedTreeMaster.uasset" 435
"../../../Engine/Plugins/Editor/SpeedTreeImporter/Content/SpeedTree9/SpeedTreeMaster.uexp" 436
"../../../Engine/Plugins/Animation/ControlRig/Content/Controls/ControlRig_Arrow_solid.ubulk" 437
"../../../Engine/Plugins/Animation/ControlRig/Content/Controls/ControlRig_Arrow_solid.uasset" 438
"../../../Engine/Plugins/Animation/ControlRig/Content/Controls/ControlRig_Arrow_solid.uexp" 439
"../../../Engine/Plugins/Interchange/Assets/Content/Functions/MX_ChiangHairBSDF.uasset" 440
"../../../Engine/Plugins/Interchange/Assets/Content/Functions/MX_ChiangHairBSDF.uexp" 441
"../../../Engine/Plugins/Animation/ControlRig/Content/Controls/ControlRig_Box_1mm.ubulk" 442
"../../../Engine/Plugins/Animation/ControlRig/Content/Controls/ControlRig_Box_1mm.uasset" 443
"../../../Engine/Plugins/Animation/ControlRig/Content/Controls/ControlRig_Box_1mm.uexp" 444
"../../../Engine/Plugins/Animation/ControlRig/Content/Controls/ControlRig_Box_3mm.ubulk" 445
"../../../Engine/Plugins/Animation/ControlRig/Content/Controls/ControlRig_Box_3mm.uasset" 446
"../../../Engine/Plugins/Animation/ControlRig/Content/Controls/ControlRig_Box_3mm.uexp" 447
"../../../Engine/Plugins/Interchange/Assets/Content/Functions/MX_ConductorBSDF.uasset" 448
"../../../Engine/Plugins/Interchange/Assets/Content/Functions/MX_ConductorBSDF.uexp" 449
"../../../Engine/Plugins/Interchange/Assets/Content/Functions/MX_ConicalEDF.uasset" 450
"../../../Engine/Plugins/Interchange/Assets/Content/Functions/MX_ConicalEDF.uexp" 451
"../../../Engine/Plugins/Animation/ControlRig/Content/Controls/ControlRig_Box_solid.ubulk" 452
"../../../Engine/Plugins/Animation/ControlRig/Content/Controls/ControlRig_Box_solid.uasset" 453
"../../../Engine/Plugins/Animation/ControlRig/Content/Controls/ControlRig_Box_solid.uexp" 454
"../../../Engine/Plugins/Animation/ControlRig/Content/Controls/ControlRig_Circle_1mm.ubulk" 455
"../../../Engine/Plugins/Animation/ControlRig/Content/Controls/ControlRig_Circle_1mm.uasset" 456
"../../../Engine/Plugins/Animation/ControlRig/Content/Controls/ControlRig_Circle_1mm.uexp" 457
"../../../Engine/Plugins/Interchange/Assets/Content/Functions/MX_DielectricBSDF.uasset" 458
"../../../Engine/Plugins/Interchange/Assets/Content/Functions/MX_DielectricBSDF.uexp" 459
"../../../Engine/Plugins/Interchange/Assets/Content/Functions/MX_Displacement.uasset" 460
"../../../Engine/Plugins/Interchange/Assets/Content/Functions/MX_Displacement.uexp" 461
"../../../Engine/Plugins/Interchange/Assets/Content/Functions/MX_GeneralizedSchlickBSDF.uasset" 462
"../../../Engine/Plugins/Interchange/Assets/Content/Functions/MX_GeneralizedSchlickBSDF.uexp" 463
"../../../Engine/Plugins/Animation/ControlRig/Content/Controls/ControlRig_Circle_3mm.ubulk" 464
"../../../Engine/Plugins/Animation/ControlRig/Content/Controls/ControlRig_Circle_3mm.uasset" 465
"../../../Engine/Plugins/Animation/ControlRig/Content/Controls/ControlRig_Circle_3mm.uexp" 466
"../../../Engine/Plugins/Animation/ControlRig/Content/Controls/ControlRig_Circle_solid.ubulk" 467
"../../../Engine/Plugins/Animation/ControlRig/Content/Controls/ControlRig_Circle_solid.uasset" 468
"../../../Engine/Plugins/Animation/ControlRig/Content/Controls/ControlRig_Circle_solid.uexp" 469
"../../../Engine/Plugins/Animation/ControlRig/Content/Controls/ControlRig_Diamond_1mm.ubulk" 470
"../../../Engine/Plugins/Animation/ControlRig/Content/Controls/ControlRig_Diamond_1mm.uasset" 471
"../../../Engine/Plugins/Animation/ControlRig/Content/Controls/ControlRig_Diamond_1mm.uexp" 472
"../../../Engine/Plugins/Interchange/Assets/Content/Functions/MX_MeasuredEDF.uasset" 473
"../../../Engine/Plugins/Interchange/Assets/Content/Functions/MX_MeasuredEDF.uexp" 474
"../../../Engine/Plugins/Animation/ControlRig/Content/Controls/ControlRig_Diamond_3mm.ubulk" 475
"../../../Engine/Plugins/Animation/ControlRig/Content/Controls/ControlRig_Diamond_3mm.uasset" 476
"../../../Engine/Plugins/Animation/ControlRig/Content/Controls/ControlRig_Diamond_3mm.uexp" 477
"../../../Engine/Content/MapTemplates/SM_Template_Map_Floor.ubulk" 478
"../../../Engine/Content/MapTemplates/SM_Template_Map_Floor.uasset" 479
"../../../Engine/Content/MapTemplates/SM_Template_Map_Floor.uexp" 480
"../../../Engine/Plugins/Animation/ControlRig/Content/Controls/ControlRig_Diamond_solid.ubulk" 481
"../../../Engine/Plugins/Animation/ControlRig/Content/Controls/ControlRig_Diamond_solid.uasset" 482
"../../../Engine/Plugins/Animation/ControlRig/Content/Controls/ControlRig_Diamond_solid.uexp" 483
"../../../Engine/Plugins/Interchange/Assets/Content/Functions/MF_IridescenceNoLUT.uasset" 484
"../../../Engine/Plugins/Interchange/Assets/Content/Functions/MF_IridescenceNoLUT.uexp" 485
"../../../Engine/Plugins/Interchange/Assets/Content/Functions/MX_StandardSurface.uasset" 486
"../../../Engine/Plugins/Interchange/Assets/Content/Functions/MX_StandardSurface.uexp" 487
"../../../Engine/Plugins/Interchange/Assets/Content/Functions/MX_OpenPBR_Opaque.uasset" 488
"../../../Engine/Plugins/Interchange/Assets/Content/Functions/MX_OpenPBR_Opaque.uexp" 489
"../../../Engine/Plugins/Animation/ControlRig/Content/Controls/ControlRig_HalfCircle_1mm.ubulk" 490
"../../../Engine/Plugins/Animation/ControlRig/Content/Controls/ControlRig_HalfCircle_1mm.uasset" 491
"../../../Engine/Plugins/Animation/ControlRig/Content/Controls/ControlRig_HalfCircle_1mm.uexp" 492
"../../../Engine/Plugins/Interchange/Assets/Content/Functions/MX_TransmissionSurface.uasset" 493
"../../../Engine/Plugins/Interchange/Assets/Content/Functions/MX_TransmissionSurface.uexp" 494
"../../../Engine/Plugins/Interchange/Assets/Content/Functions/MX_OpenPBR_Translucent.uasset" 495
"../../../Engine/Plugins/Interchange/Assets/Content/Functions/MX_OpenPBR_Translucent.uexp" 496
"../../../Engine/Content/EngineMaterials/DefaultBloomKernel.uasset" 497
"../../../Engine/Content/EngineMaterials/DefaultBloomKernel.uexp" 498
"../../../Engine/Plugins/Animation/ControlRig/Content/Controls/ControlRig_HalfCircle_3mm.ubulk" 499
"../../../Engine/Plugins/Animation/ControlRig/Content/Controls/ControlRig_HalfCircle_3mm.uasset" 500
"../../../Engine/Plugins/Animation/ControlRig/Content/Controls/ControlRig_HalfCircle_3mm.uexp" 501
"../../../Engine/Content/EngineMaterials/DefaultBokeh.uasset" 502
"../../../Engine/Content/EngineMaterials/DefaultBokeh.uexp" 503
"../../../Engine/Content/Functions/Engine_MaterialFunctions03/Math/RemapValueRange.uasset" 504
"../../../Engine/Content/Functions/Engine_MaterialFunctions03/Math/RemapValueRange.uexp" 505
"D:/Dev/DoomlikeParryGame/Content/LevelPrototyping/Textures/T_GridChecker_A.ubulk" 506
"D:/Dev/DoomlikeParryGame/Content/LevelPrototyping/Textures/T_GridChecker_A.uasset" 507
"D:/Dev/DoomlikeParryGame/Content/LevelPrototyping/Textures/T_GridChecker_A.uexp" 508
"../../../Engine/Content/Functions/Engine_MaterialFunctions01/Gradient/LinearGradient.uasset" 509
"../../../Engine/Content/Functions/Engine_MaterialFunctions01/Gradient/LinearGradient.uexp" 510
"../../../Engine/Content/Functions/Engine_MaterialFunctions01/ImageAdjustment/CheapContrast.uasset" 511
"../../../Engine/Content/Functions/Engine_MaterialFunctions01/ImageAdjustment/CheapContrast.uexp" 512
"D:/Dev/DoomlikeParryGame/Content/LevelPrototyping/Materials/MF_ProcGrid.uasset" 513
"D:/Dev/DoomlikeParryGame/Content/LevelPrototyping/Materials/MF_ProcGrid.uexp" 514
"D:/Dev/DoomlikeParryGame/Content/LevelPrototyping/Materials/M_PrototypeGrid.uasset" 515
"D:/Dev/DoomlikeParryGame/Content/LevelPrototyping/Materials/M_PrototypeGrid.uexp" 516
"D:/Dev/DoomlikeParryGame/Content/LevelPrototyping/Materials/MI_PrototypeGrid_Gray.uasset" 517
"D:/Dev/DoomlikeParryGame/Content/LevelPrototyping/Materials/MI_PrototypeGrid_Gray.uexp" 518
"D:/Dev/DoomlikeParryGame/Content/LevelPrototyping/Meshes/SM_Ramp.ubulk" 519
"D:/Dev/DoomlikeParryGame/Content/LevelPrototyping/Meshes/SM_Ramp.uasset" 520
"D:/Dev/DoomlikeParryGame/Content/LevelPrototyping/Meshes/SM_Ramp.uexp" 521
"../../../Engine/Plugins/Interchange/Assets/Content/Functions/MX_OrenNayarBSDF.uasset" 522
"../../../Engine/Plugins/Interchange/Assets/Content/Functions/MX_OrenNayarBSDF.uexp" 523
"../../../Engine/Plugins/Animation/ControlRig/Content/Controls/ControlRig_HalfCircle_solid.ubulk" 524
"../../../Engine/Plugins/Animation/ControlRig/Content/Controls/ControlRig_HalfCircle_solid.uasset" 525
"../../../Engine/Plugins/Animation/ControlRig/Content/Controls/ControlRig_HalfCircle_solid.uexp" 526
"../../../Engine/Plugins/Animation/ControlRig/Content/Controls/ControlRig_Hexagon_1mm.ubulk" 527
"../../../Engine/Plugins/Animation/ControlRig/Content/Controls/ControlRig_Hexagon_1mm.uasset" 528
"../../../Engine/Plugins/Animation/ControlRig/Content/Controls/ControlRig_Hexagon_1mm.uexp" 529
"../../../Engine/Plugins/Animation/ControlRig/Content/Controls/ControlRig_Hexagon_3mm.ubulk" 530
"../../../Engine/Plugins/Animation/ControlRig/Content/Controls/ControlRig_Hexagon_3mm.uasset" 531
"../../../Engine/Plugins/Animation/ControlRig/Content/Controls/ControlRig_Hexagon_3mm.uexp" 532
"../../../Engine/Plugins/Interchange/Assets/Content/Functions/MX_SheenBSDF.uasset" 533
"../../../Engine/Plugins/Interchange/Assets/Content/Functions/MX_SheenBSDF.uexp" 534
"../../../Engine/Plugins/Animation/ControlRig/Content/Controls/ControlRig_Hexagon_solid.ubulk" 535
"../../../Engine/Plugins/Animation/ControlRig/Content/Controls/ControlRig_Hexagon_solid.uasset" 536
"../../../Engine/Plugins/Animation/ControlRig/Content/Controls/ControlRig_Hexagon_solid.uexp" 537
"../../../Engine/Content/EngineMaterials/DefaultDeferredDecalMaterial.uasset" 538
"../../../Engine/Content/EngineMaterials/DefaultDeferredDecalMaterial.uexp" 539
"../../../Engine/Plugins/Interchange/Assets/Content/Functions/MX_SubsurfaceBSDF.uasset" 540
"../../../Engine/Plugins/Interchange/Assets/Content/Functions/MX_SubsurfaceBSDF.uexp" 541
"../../../Engine/Plugins/Interchange/Assets/Content/Functions/MX_Surface.uasset" 542
"../../../Engine/Plugins/Interchange/Assets/Content/Functions/MX_Surface.uexp" 543
"../../../Engine/Plugins/Animation/ControlRig/Content/Controls/ControlRig_Octagon_1mm.ubulk" 544
"../../../Engine/Plugins/Animation/ControlRig/Content/Controls/ControlRig_Octagon_1mm.uasset" 545
"../../../Engine/Plugins/Animation/ControlRig/Content/Controls/ControlRig_Octagon_1mm.uexp" 546
"../../../Engine/Plugins/Interchange/Assets/Content/Functions/MX_SurfaceUnlit.uasset" 547
"../../../Engine/Plugins/Interchange/Assets/Content/Functions/MX_SurfaceUnlit.uexp" 548
"../../../Engine/Plugins/Animation/ControlRig/Content/Controls/ControlRig_Octagon_3mm.ubulk" 549
"../../../Engine/Plugins/Animation/ControlRig/Content/Controls/ControlRig_Octagon_3mm.uasset" 550
"../../../Engine/Plugins/Animation/ControlRig/Content/Controls/ControlRig_Octagon_3mm.uexp" 551
"../../../Engine/Content/EngineMaterials/DefaultLightFunctionMaterial.uasset" 552
"../../../Engine/Content/EngineMaterials/DefaultLightFunctionMaterial.uexp" 553
"../../../Engine/Plugins/Interchange/Assets/Content/Functions/MX_TranslucentBSDF.uasset" 554
"../../../Engine/Plugins/Interchange/Assets/Content/Functions/MX_TranslucentBSDF.uexp" 555
"../../../Engine/Plugins/Animation/ControlRig/Content/Controls/ControlRig_Octagon_solid.ubulk" 556
"../../../Engine/Plugins/Animation/ControlRig/Content/Controls/ControlRig_Octagon_solid.uasset" 557
"../../../Engine/Plugins/Animation/ControlRig/Content/Controls/ControlRig_Octagon_solid.uexp" 558
"../../../Engine/Plugins/Interchange/Assets/Content/Functions/MX_UniformEDF.uasset" 559
"../../../Engine/Plugins/Interchange/Assets/Content/Functions/MX_UniformEDF.uexp" 560
"../../../Engine/Plugins/Animation/ControlRig/Content/Controls/ControlRig_Pyramid_1mm.ubulk" 561
"../../../Engine/Plugins/Animation/ControlRig/Content/Controls/ControlRig_Pyramid_1mm.uasset" 562
"../../../Engine/Plugins/Animation/ControlRig/Content/Controls/ControlRig_Pyramid_1mm.uexp" 563
"../../../Engine/Plugins/Interchange/Assets/Content/Functions/MX_UsdPreviewSurface.uasset" 564
"../../../Engine/Plugins/Interchange/Assets/Content/Functions/MX_UsdPreviewSurface.uexp" 565
"../../../Engine/Plugins/Animation/ControlRig/Content/Controls/ControlRig_Pyramid_3mm.ubulk" 566
"../../../Engine/Plugins/Animation/ControlRig/Content/Controls/ControlRig_Pyramid_3mm.uasset" 567
"../../../Engine/Plugins/Animation/ControlRig/Content/Controls/ControlRig_Pyramid_3mm.uexp" 568
"../../../Engine/Content/EngineMaterials/DefaultPostProcessMaterial.uasset" 569
"../../../Engine/Content/EngineMaterials/DefaultPostProcessMaterial.uexp" 570
"../../../Engine/Plugins/Animation/ControlRig/Content/Controls/ControlRig_Pyramid_solid.ubulk" 571
"../../../Engine/Plugins/Animation/ControlRig/Content/Controls/ControlRig_Pyramid_solid.uasset" 572
"../../../Engine/Plugins/Animation/ControlRig/Content/Controls/ControlRig_Pyramid_solid.uexp" 573
"../../../Engine/Content/EngineFonts/RobotoDistanceField.uasset" 574
"../../../Engine/Content/EngineFonts/RobotoDistanceField.uexp" 575
"../../../Engine/Content/EngineMaterials/DefaultTextMaterialOpaque.uasset" 576
"../../../Engine/Content/EngineMaterials/DefaultTextMaterialOpaque.uexp" 577
"../../../Engine/Plugins/Animation/ControlRig/Content/Controls/ControlRig_QuarterCircle_1mm.ubulk" 578
"../../../Engine/Plugins/Animation/ControlRig/Content/Controls/ControlRig_QuarterCircle_1mm.uasset" 579
"../../../Engine/Plugins/Animation/ControlRig/Content/Controls/ControlRig_QuarterCircle_1mm.uexp" 580
"../../../Engine/Plugins/Animation/ControlRig/Content/Controls/ControlRig_QuarterCircle_3mm.ubulk" 581
"../../../Engine/Plugins/Animation/ControlRig/Content/Controls/ControlRig_QuarterCircle_3mm.uasset" 582
"../../../Engine/Plugins/Animation/ControlRig/Content/Controls/ControlRig_QuarterCircle_3mm.uexp" 583
"../../../Engine/Plugins/Animation/ControlRig/Content/Controls/ControlRig_QuarterCircle_solid.ubulk" 584
"../../../Engine/Plugins/Animation/ControlRig/Content/Controls/ControlRig_QuarterCircle_solid.uasset" 585
"../../../Engine/Plugins/Animation/ControlRig/Content/Controls/ControlRig_QuarterCircle_solid.uexp" 586
"../../../Engine/Plugins/Animation/ControlRig/Content/Controls/ControlRig_RoundedSquare_1mm.ubulk" 587
"../../../Engine/Plugins/Animation/ControlRig/Content/Controls/ControlRig_RoundedSquare_1mm.uasset" 588
"../../../Engine/Plugins/Animation/ControlRig/Content/Controls/ControlRig_RoundedSquare_1mm.uexp" 589
"../../../Engine/Plugins/Animation/ControlRig/Content/Controls/ControlRig_RoundedSquare_3mm.ubulk" 590
"../../../Engine/Plugins/Animation/ControlRig/Content/Controls/ControlRig_RoundedSquare_3mm.uasset" 591
"../../../Engine/Plugins/Animation/ControlRig/Content/Controls/ControlRig_RoundedSquare_3mm.uexp" 592
"../../../Engine/Plugins/Animation/ControlRig/Content/Controls/ControlRig_RoundedSquare_solid.ubulk" 593
"../../../Engine/Plugins/Animation/ControlRig/Content/Controls/ControlRig_RoundedSquare_solid.uasset" 594
"../../../Engine/Plugins/Animation/ControlRig/Content/Controls/ControlRig_RoundedSquare_solid.uexp" 595
"../../../Engine/Plugins/Runtime/HairStrands/Content/Materials/HairCardsDefaultMaterial.uasset" 596
"../../../Engine/Plugins/Runtime/HairStrands/Content/Materials/HairCardsDefaultMaterial.uexp" 597
"../../../Engine/Content/EditorResources/SequenceRecorder/Countdown.uasset" 598
"../../../Engine/Content/EditorResources/SequenceRecorder/Countdown.uexp" 599
"../../../Engine/Content/EditorResources/SequenceRecorder/RecordingIndicator.uasset" 600
"../../../Engine/Content/EditorResources/SequenceRecorder/RecordingIndicator.uexp" 601
"../../../Engine/Content/Functions/Engine_MaterialFunctions02/Utility/MakeFloat2.uasset" 602
"../../../Engine/Content/Functions/Engine_MaterialFunctions02/Utility/MakeFloat2.uexp" 603
"../../../Engine/Content/EngineMaterials/HairColorMap.uasset" 604
"../../../Engine/Content/EngineMaterials/HairColorMap.uexp" 605
"../../../Engine/Content/EngineMaterials/HairDebugColor.uasset" 606
"../../../Engine/Content/EngineMaterials/HairDebugColor.uexp" 607
"../../../Engine/Plugins/Runtime/HairStrands/Content/Materials/HairGroupColors.uasset" 608
"../../../Engine/Plugins/Runtime/HairStrands/Content/Materials/HairGroupColors.uexp" 609
"../../../Engine/Plugins/Runtime/HairStrands/Content/Materials/HairDebugMaterial.uasset" 610
"../../../Engine/Plugins/Runtime/HairStrands/Content/Materials/HairDebugMaterial.uexp" 611
"../../../Engine/Plugins/Runtime/HairStrands/Content/Materials/HairDefaultMaterial.uasset" 612
"../../../Engine/Plugins/Runtime/HairStrands/Content/Materials/HairDefaultMaterial.uexp" 613
"../../../Engine/Content/EditorMaterials/ParticleSystems/PSysThumbnail_NoImage.ubulk" 614
"../../../Engine/Content/EditorMaterials/ParticleSystems/PSysThumbnail_NoImage.uasset" 615
"../../../Engine/Content/EditorMaterials/ParticleSystems/PSysThumbnail_NoImage.uexp" 616
"../../../Engine/Plugins/Animation/ControlRig/Content/Controls/ControlRig_RoundedTriangle_1mm.ubulk" 617
"../../../Engine/Plugins/Animation/ControlRig/Content/Controls/ControlRig_RoundedTriangle_1mm.uasset" 618
"../../../Engine/Plugins/Animation/ControlRig/Content/Controls/ControlRig_RoundedTriangle_1mm.uexp" 619
"../../../Engine/Content/EditorMaterials/ParticleSystems/PSysThumbnail_OOD.ubulk" 620
"../../../Engine/Content/EditorMaterials/ParticleSystems/PSysThumbnail_OOD.uasset" 621
"../../../Engine/Content/EditorMaterials/ParticleSystems/PSysThumbnail_OOD.uexp" 622
"../../../Engine/Plugins/Animation/ControlRig/Content/Controls/ControlRig_RoundedTriangle_3mm.ubulk" 623
"../../../Engine/Plugins/Animation/ControlRig/Content/Controls/ControlRig_RoundedTriangle_3mm.uasset" 624
"../../../Engine/Plugins/Animation/ControlRig/Content/Controls/ControlRig_RoundedTriangle_3mm.uexp" 625
"../../../Engine/Plugins/Runtime/HairStrands/Content/Materials/HairMeshesDefaultMaterial.uasset" 626
"../../../Engine/Plugins/Runtime/HairStrands/Content/Materials/HairMeshesDefaultMaterial.uexp" 627
"../../../Engine/Content/EditorMaterials/Camera/CineMat.uasset" 628
"../../../Engine/Content/EditorMaterials/Camera/CineMat.uexp" 629
"../../../Engine/Content/EditorMaterials/Camera/MI_CineMat_Rig.uasset" 630
"../../../Engine/Content/EditorMaterials/Camera/MI_CineMat_Rig.uexp" 631
"../../../Engine/Content/EditorMeshes/Camera/SM_CraneRig_Arm.ubulk" 632
"../../../Engine/Content/EditorMeshes/Camera/SM_CraneRig_Arm.uasset" 633
"../../../Engine/Content/EditorMeshes/Camera/SM_CraneRig_Arm.uexp" 634
"../../../Engine/Content/EditorMeshes/Camera/SM_CraneRig_Base.ubulk" 635
"../../../Engine/Content/EditorMeshes/Camera/SM_CraneRig_Base.uasset" 636
"../../../Engine/Content/EditorMeshes/Camera/SM_CraneRig_Base.uexp" 637
"../../../Engine/Content/EditorMeshes/Camera/SM_CraneRig_Body.ubulk" 638
"../../../Engine/Content/EditorMeshes/Camera/SM_CraneRig_Body.uasset" 639
"../../../Engine/Content/EditorMeshes/Camera/SM_CraneRig_Body.uexp" 640
"../../../Engine/Content/EditorMeshes/Camera/SM_CraneRig_Mount.ubulk" 641
"../../../Engine/Content/EditorMeshes/Camera/SM_CraneRig_Mount.uasset" 642
"../../../Engine/Content/EditorMeshes/Camera/SM_CraneRig_Mount.uexp" 643
"../../../Engine/Content/EditorMeshes/Camera/SM_RailRig_Mount.ubulk" 644
"../../../Engine/Content/EditorMeshes/Camera/SM_RailRig_Mount.uasset" 645
"../../../Engine/Content/EditorMeshes/Camera/SM_RailRig_Mount.uexp" 646
"../../../Engine/Content/EditorMeshes/Camera/SM_RailRig_Track.ubulk" 647
"../../../Engine/Content/EditorMeshes/Camera/SM_RailRig_Track.uasset" 648
"../../../Engine/Content/EditorMeshes/Camera/SM_RailRig_Track.uexp" 649
"../../../Engine/Content/EngineMaterials/EnergyConservation/Diffuse_Energy.uasset" 650
"../../../Engine/Content/EngineMaterials/EnergyConservation/Diffuse_Energy.uexp" 651
"../../../Engine/Content/EditorMaterials/Dataflow/DataflowTwoSidedVertexMaterial.uasset" 652
"../../../Engine/Content/EditorMaterials/Dataflow/DataflowTwoSidedVertexMaterial.uexp" 653
"../../../Engine/Content/EngineMaterials/EnergyConservation/GGX_ReflectionEnergy.uasset" 654
"../../../Engine/Content/EngineMaterials/EnergyConservation/GGX_ReflectionEnergy.uexp" 655
"../../../Engine/Content/EditorMaterials/Dataflow/DataflowVertexMaterial.uasset" 656
"../../../Engine/Content/EditorMaterials/Dataflow/DataflowVertexMaterial.uexp" 657
"../../../Engine/Content/EngineMaterials/EnergyConservation/GGX_TransmissionEnergyArray.uasset" 658
"../../../Engine/Content/EngineMaterials/EnergyConservation/GGX_TransmissionEnergyArray.uexp" 659
"../../../Engine/Content/EngineMaterials/EnergyConservation/Sheen_Energy.uasset" 660
"../../../Engine/Content/EngineMaterials/EnergyConservation/Sheen_Energy.uexp" 661
"../../../Engine/Content/EngineMaterials/EnergyConservation/SheenLegacy_Energy.uasset" 662
"../../../Engine/Content/EngineMaterials/EnergyConservation/SheenLegacy_Energy.uexp" 663
"../../../Engine/Content/EngineMaterials/LTC/GGX_LTCAmp.uasset" 664
"../../../Engine/Content/EngineMaterials/LTC/GGX_LTCAmp.uexp" 665
"../../../Engine/Content/EngineMaterials/LTC/GGX_LTCMat.uasset" 666
"../../../Engine/Content/EngineMaterials/LTC/GGX_LTCMat.uexp" 667
"../../../Engine/Content/EngineMaterials/LTC/Sheen_LTC.uasset" 668
"../../../Engine/Content/EngineMaterials/LTC/Sheen_LTC.uexp" 669
"../../../Engine/Content/EngineResources/Development/ZenLogo_64.uasset" 670
"../../../Engine/Content/EngineResources/Development/ZenLogo_64.uexp" 671
"../../../Engine/Plugins/Interchange/Assets/Content/Substrate/MX_SimpleVolume.uasset" 672
"../../../Engine/Plugins/Interchange/Assets/Content/Substrate/MX_SimpleVolume.uexp" 673
"../../../Engine/Content/EngineResources/FilmGrains/Marcie_Grain_v3_128_M2_000.uasset" 674
"../../../Engine/Content/EngineResources/FilmGrains/Marcie_Grain_v3_128_M2_000.uexp" 675
"../../../Engine/Content/Functions/Engine_MaterialFunctions02/Utility/BreakOutFloat4Components.uasset" 676
"../../../Engine/Content/Functions/Engine_MaterialFunctions02/Utility/BreakOutFloat4Components.uexp" 677
"../../../Engine/Content/Functions/Engine_MaterialFunctions02/Utility/MakeFloat4.uasset" 678
"../../../Engine/Content/Functions/Engine_MaterialFunctions02/Utility/MakeFloat4.uexp" 679
"../../../Engine/Content/Functions/Engine_MaterialFunctions02/PivotPainter2/Black_1x1_EXR_Texture.uasset" 680
"../../../Engine/Content/Functions/Engine_MaterialFunctions02/PivotPainter2/Black_1x1_EXR_Texture.uexp" 681
"../../../Engine/Content/EngineResources/DefaultVolumeTexture2D.uasset" 682
"../../../Engine/Content/EngineResources/DefaultVolumeTexture2D.uexp" 683
"../../../Engine/Content/EngineResources/DefaultVolumeTexture.uasset" 684
"../../../Engine/Content/EngineResources/DefaultVolumeTexture.uexp" 685
"../../../Engine/Content/EngineSky/VolumetricClouds/VT_Lightning.uasset" 686
"../../../Engine/Content/EngineSky/VolumetricClouds/VT_Lightning.uexp" 687
"../../../Engine/Content/Functions/Engine_MaterialFunctions01/Units/Km-to-Cm.uasset" 688
"../../../Engine/Content/Functions/Engine_MaterialFunctions01/Units/Km-to-Cm.uexp" 689
"../../../Engine/Content/EngineSky/VolumetricClouds/m_SimpleVolumetricCloud.uasset" 690
"../../../Engine/Content/EngineSky/VolumetricClouds/m_SimpleVolumetricCloud.uexp" 691
"../../../Engine/Content/EngineSky/VolumetricClouds/T_CloudMask.ubulk" 692
"../../../Engine/Content/EngineSky/VolumetricClouds/T_CloudMask.uasset" 693
"../../../Engine/Content/EngineSky/VolumetricClouds/T_CloudMask.uexp" 694
"../../../Engine/Content/EngineSky/VolumetricClouds/T_CloudPattern.ubulk" 695
"../../../Engine/Content/EngineSky/VolumetricClouds/T_CloudPattern.uasset" 696
"../../../Engine/Content/EngineSky/VolumetricClouds/T_CloudPattern.uexp" 697
"../../../Engine/Content/EngineSky/VolumetricClouds/T_Profile_08.ubulk" 698
"../../../Engine/Content/EngineSky/VolumetricClouds/T_Profile_08.uasset" 699
"../../../Engine/Content/EngineSky/VolumetricClouds/T_Profile_08.uexp" 700
"../../../Engine/Content/EngineSky/VolumetricClouds/VT_PerlinWorley_Balanced.uasset" 701
"../../../Engine/Content/EngineSky/VolumetricClouds/VT_PerlinWorley_Balanced.uexp" 702
"../../../Engine/Content/EngineSky/VolumetricClouds/m_SimpleVolumetricCloud_Inst.uasset" 703
"../../../Engine/Content/EngineSky/VolumetricClouds/m_SimpleVolumetricCloud_Inst.uexp" 704
"../../../Engine/Content/EngineMaterials/WeightMapPlaceholderTexture.uasset" 705
"../../../Engine/Content/EngineMaterials/WeightMapPlaceholderTexture.uexp" 706
"../../../Engine/Content/EngineMaterials/WeightMapArrayPlaceholderTexture.uasset" 707
"../../../Engine/Content/EngineMaterials/WeightMapArrayPlaceholderTexture.uexp" 708
"../../../Engine/Content/EngineResources/WhiteSquareTexture.uasset" 709
"../../../Engine/Content/EngineResources/WhiteSquareTexture.uexp" 710
"../../../Engine/Content/EngineMaterials/Widget3DPassThrough.uasset" 711
"../../../Engine/Content/EngineMaterials/Widget3DPassThrough.uexp" 712
"../../../Engine/Content/EngineMaterials/Widget3DPassThrough_Masked.uasset" 713
"../../../Engine/Content/EngineMaterials/Widget3DPassThrough_Masked.uexp" 714
"../../../Engine/Content/EngineMaterials/Widget3DPassThrough_Opaque.uasset" 715
"../../../Engine/Content/EngineMaterials/Widget3DPassThrough_Opaque.uexp" 716
"../../../Engine/Content/EngineMaterials/Widget3DPassThrough_Masked_OneSided.uasset" 717
"../../../Engine/Content/EngineMaterials/Widget3DPassThrough_Masked_OneSided.uexp" 718
"../../../Engine/Content/EngineMaterials/Widget3DPassThrough_Opaque_OneSided.uasset" 719
"../../../Engine/Content/EngineMaterials/Widget3DPassThrough_Opaque_OneSided.uexp" 720
"../../../Engine/Content/EngineMaterials/Widget3DPassThrough_Translucent.uasset" 721
"../../../Engine/Content/EngineMaterials/Widget3DPassThrough_Translucent.uexp" 722
"../../../Engine/Content/EngineMaterials/Widget3DPassThrough_Translucent_OneSided.uasset" 723
"../../../Engine/Content/EngineMaterials/Widget3DPassThrough_Translucent_OneSided.uexp" 724
"../../../Engine/Content/EditorResources/S_Solver.ubulk" 725
"../../../Engine/Content/EditorResources/S_Solver.uasset" 726
"../../../Engine/Content/EditorResources/S_Solver.uexp" 727
"../../../Engine/Plugins/Interchange/Assets/Content/Functions/MX_AbsorptionVDF.uasset" 728
"../../../Engine/Plugins/Interchange/Assets/Content/Functions/MX_AbsorptionVDF.uexp" 729
"../../../Engine/Content/EditorResources/S_Terrain.ubulk" 730
"../../../Engine/Content/EditorResources/S_Terrain.uasset" 731
"../../../Engine/Content/EditorResources/S_Terrain.uexp" 732
"../../../Engine/Plugins/Animation/ControlRig/Content/Controls/ControlRig_RoundedTriangle_solid.ubulk" 733
"../../../Engine/Plugins/Animation/ControlRig/Content/Controls/ControlRig_RoundedTriangle_solid.uasset" 734
"../../../Engine/Plugins/Animation/ControlRig/Content/Controls/ControlRig_RoundedTriangle_solid.uexp" 735
"../../../Engine/Plugins/Animation/ControlRig/Content/Controls/ControlRig_Sphere_1mm.ubulk" 736
"../../../Engine/Plugins/Animation/ControlRig/Content/Controls/ControlRig_Sphere_1mm.uasset" 737
"../../../Engine/Plugins/Animation/ControlRig/Content/Controls/ControlRig_Sphere_1mm.uexp" 738
"../../../Engine/Plugins/Animation/ControlRig/Content/Controls/ControlRig_Sphere_3mm.ubulk" 739
"../../../Engine/Plugins/Animation/ControlRig/Content/Controls/ControlRig_Sphere_3mm.uasset" 740
"../../../Engine/Plugins/Animation/ControlRig/Content/Controls/ControlRig_Sphere_3mm.uexp" 741
"D:/Dev/DoomlikeParryGame/Content/LevelPrototyping/Meshes/SM_Cube.ubulk" 742
"D:/Dev/DoomlikeParryGame/Content/LevelPrototyping/Meshes/SM_Cube.uasset" 743
"D:/Dev/DoomlikeParryGame/Content/LevelPrototyping/Meshes/SM_Cube.uexp" 744
"../../../Engine/Plugins/Animation/ControlRig/Content/Controls/ControlRig_Sphere_solid.ubulk" 745
"../../../Engine/Plugins/Animation/ControlRig/Content/Controls/ControlRig_Sphere_solid.uasset" 746
"../../../Engine/Plugins/Animation/ControlRig/Content/Controls/ControlRig_Sphere_solid.uexp" 747
"D:/Dev/DoomlikeParryGame/Content/LevelPrototyping/Meshes/SM_Cylinder.ubulk" 748
"D:/Dev/DoomlikeParryGame/Content/LevelPrototyping/Meshes/SM_Cylinder.uasset" 749
"D:/Dev/DoomlikeParryGame/Content/LevelPrototyping/Meshes/SM_Cylinder.uexp" 750
"../../../Engine/Plugins/Animation/ControlRig/Content/Controls/ControlRig_Square_1mm.ubulk" 751
"../../../Engine/Plugins/Animation/ControlRig/Content/Controls/ControlRig_Square_1mm.uasset" 752
"../../../Engine/Plugins/Animation/ControlRig/Content/Controls/ControlRig_Square_1mm.uexp" 753
"../../../Engine/Content/EditorResources/S_Trigger.ubulk" 754
"../../../Engine/Content/EditorResources/S_Trigger.uasset" 755
"../../../Engine/Content/EditorResources/S_Trigger.uexp" 756
"../../../Engine/Content/EditorResources/S_TriggerBox.uasset" 757
"../../../Engine/Content/EditorResources/S_TriggerBox.uexp" 758
"../../../Engine/Plugins/Animation/ControlRig/Content/Controls/ControlRig_Square_3mm.ubulk" 759
"../../../Engine/Plugins/Animation/ControlRig/Content/Controls/ControlRig_Square_3mm.uasset" 760
"../../../Engine/Plugins/Animation/ControlRig/Content/Controls/ControlRig_Square_3mm.uexp" 761
"../../../Engine/Content/EditorResources/S_TriggerCapsule.uasset" 762
"../../../Engine/Content/EditorResources/S_TriggerCapsule.uexp" 763
"../../../Engine/Content/EngineMeshes/Sphere.ubulk" 764
"../../../Engine/Content/EngineMeshes/Sphere.uasset" 765
"../../../Engine/Content/EngineMeshes/Sphere.uexp" 766
"D:/Dev/DoomlikeParryGame/Content/LevelPrototyping/Meshes/SM_QuarterCylinder.ubulk" 767
"D:/Dev/DoomlikeParryGame/Content/LevelPrototyping/Meshes/SM_QuarterCylinder.uasset" 768
"D:/Dev/DoomlikeParryGame/Content/LevelPrototyping/Meshes/SM_QuarterCylinder.uexp" 769
"../../../Engine/Content/EditorResources/S_TriggerSphere.uasset" 770
"../../../Engine/Content/EditorResources/S_TriggerSphere.uexp" 771
"../../../Engine/Plugins/Animation/ControlRig/Content/Controls/ControlRig_Square_solid.ubulk" 772
"../../../Engine/Plugins/Animation/ControlRig/Content/Controls/ControlRig_Square_solid.uasset" 773
"../../../Engine/Plugins/Animation/ControlRig/Content/Controls/ControlRig_Square_solid.uexp" 774
"../../../Engine/Plugins/Animation/ControlRig/Content/Controls/ControlRig_Star4_1mm.ubulk" 775
"../../../Engine/Plugins/Animation/ControlRig/Content/Controls/ControlRig_Star4_1mm.uasset" 776
"../../../Engine/Plugins/Animation/ControlRig/Content/Controls/ControlRig_Star4_1mm.uexp" 777
"../../../Engine/Plugins/Animation/ControlRig/Content/Controls/ControlRig_Star4_3mm.ubulk" 778
"../../../Engine/Plugins/Animation/ControlRig/Content/Controls/ControlRig_Star4_3mm.uasset" 779
"../../../Engine/Plugins/Animation/ControlRig/Content/Controls/ControlRig_Star4_3mm.uexp" 780
"../../../Engine/Plugins/Animation/ControlRig/Content/Controls/ControlRig_Star4_solid.ubulk" 781
"../../../Engine/Plugins/Animation/ControlRig/Content/Controls/ControlRig_Star4_solid.uasset" 782
"../../../Engine/Plugins/Animation/ControlRig/Content/Controls/ControlRig_Star4_solid.uexp" 783
"../../../Engine/Content/EngineResources/Black.uasset" 784
"../../../Engine/Content/EngineResources/Black.uexp" 785
"../../../Engine/Plugins/Animation/ControlRig/Content/Controls/ControlRig_Triangle_1mm.ubulk" 786
"../../../Engine/Plugins/Animation/ControlRig/Content/Controls/ControlRig_Triangle_1mm.uasset" 787
"../../../Engine/Plugins/Animation/ControlRig/Content/Controls/ControlRig_Triangle_1mm.uexp" 788
"../../../Engine/Plugins/Animation/ControlRig/Content/Controls/ControlRig_Triangle_3mm.ubulk" 789
"../../../Engine/Plugins/Animation/ControlRig/Content/Controls/ControlRig_Triangle_3mm.uasset" 790
"../../../Engine/Plugins/Animation/ControlRig/Content/Controls/ControlRig_Triangle_3mm.uexp" 791
"../../../Engine/Content/EngineResources/DefaultTexture.ubulk" 792
"../../../Engine/Content/EngineResources/DefaultTexture.uasset" 793
"../../../Engine/Content/EngineResources/DefaultTexture.uexp" 794
"../../../Engine/Plugins/Animation/ControlRig/Content/Controls/ControlRig_Triangle_solid.ubulk" 795
"../../../Engine/Plugins/Animation/ControlRig/Content/Controls/ControlRig_Triangle_solid.uasset" 796
"../../../Engine/Plugins/Animation/ControlRig/Content/Controls/ControlRig_Triangle_solid.uexp" 797
"../../../Engine/Content/EngineResources/DefaultTextureCube.uasset" 798
"../../../Engine/Content/EngineResources/DefaultTextureCube.uexp" 799
"../../../Engine/Plugins/Animation/ControlRig/Content/Controls/ControlRig_Wedge_1mm.ubulk" 800
"../../../Engine/Plugins/Animation/ControlRig/Content/Controls/ControlRig_Wedge_1mm.uasset" 801
"../../../Engine/Plugins/Animation/ControlRig/Content/Controls/ControlRig_Wedge_1mm.uexp" 802
"../../../Engine/Plugins/Runtime/AudioWidgets/Content/Resources/ScrubHandleDown_Clamped.uasset" 803
"../../../Engine/Plugins/Runtime/AudioWidgets/Content/Resources/ScrubHandleDown_Clamped.uexp" 804
"../../../Engine/Plugins/Animation/ControlRig/Content/Controls/ControlRig_Wedge_3mm.ubulk" 805
"../../../Engine/Plugins/Animation/ControlRig/Content/Controls/ControlRig_Wedge_3mm.uasset" 806
"../../../Engine/Plugins/Animation/ControlRig/Content/Controls/ControlRig_Wedge_3mm.uexp" 807
"../../../Engine/Content/EngineDamageTypes/DmgTypeBP_Environmental.uasset" 808
"../../../Engine/Content/EngineDamageTypes/DmgTypeBP_Environmental.uexp" 809
"../../../Engine/Plugins/Animation/ControlRig/Content/Controls/ControlRig_Wedge_solid.ubulk" 810
"../../../Engine/Plugins/Animation/ControlRig/Content/Controls/ControlRig_Wedge_solid.uasset" 811
"../../../Engine/Plugins/Animation/ControlRig/Content/Controls/ControlRig_Wedge_solid.uexp" 812
"../../../Engine/Plugins/Animation/ControlRig/Content/Controls/ControlRigGizmoMaterial.uasset" 813
"../../../Engine/Plugins/Animation/ControlRig/Content/Controls/ControlRigGizmoMaterial.uexp" 814
"../../../Engine/Plugins/Animation/ControlRig/Content/Controls/ControlRigXRayMaterial.uasset" 815
"../../../Engine/Plugins/Animation/ControlRig/Content/Controls/ControlRigXRayMaterial.uexp" 816
"../../../Engine/Content/EngineDebugMaterials/DebugEditorMaterial.uasset" 817
"../../../Engine/Content/EngineDebugMaterials/DebugEditorMaterial.uexp" 818
"../../../Engine/Content/EngineDebugMaterials/DebugMeshMaterial.uasset" 819
"../../../Engine/Content/EngineDebugMaterials/DebugMeshMaterial.uexp" 820
"../../../Engine/Content/VREditor/TransformGizmo/BoundingBoxCorner.ubulk" 821
"../../../Engine/Content/VREditor/TransformGizmo/BoundingBoxCorner.uasset" 822
"../../../Engine/Content/VREditor/TransformGizmo/BoundingBoxCorner.uexp" 823
"../../../Engine/Content/VREditor/TransformGizmo/BoundingBoxEdge.ubulk" 824
"../../../Engine/Content/VREditor/TransformGizmo/BoundingBoxEdge.uasset" 825
"../../../Engine/Content/VREditor/TransformGizmo/BoundingBoxEdge.uexp" 826
"../../../Engine/Content/Functions/Engine_MaterialFunctions01/Texturing/FlattenNormal.uasset" 827
"../../../Engine/Content/Functions/Engine_MaterialFunctions01/Texturing/FlattenNormal.uexp" 828
"../../../Engine/Plugins/Interchange/Assets/Content/Utilities/New_LUT.uasset" 829
"../../../Engine/Plugins/Interchange/Assets/Content/Utilities/New_LUT.uexp" 830
"../../../Engine/Plugins/Interchange/Assets/Content/Functions/MF_Iridescence.uasset" 831
"../../../Engine/Plugins/Interchange/Assets/Content/Functions/MF_Iridescence.uexp" 832
"../../../Engine/Plugins/Interchange/Assets/Content/gltf/Textures/T_White_srgb.uasset" 833
"../../../Engine/Plugins/Interchange/Assets/Content/gltf/Textures/T_White_srgb.uexp" 834
"../../../Engine/Plugins/Interchange/Assets/Content/gltf/MaterialFunctions/MF_BaseColor.uasset" 835
"../../../Engine/Plugins/Interchange/Assets/Content/gltf/MaterialFunctions/MF_BaseColor.uexp" 836
"../../../Engine/Plugins/Interchange/Assets/Content/gltf/MaterialFunctions/MF_RotateNormals_TS.uasset" 837
"../../../Engine/Plugins/Interchange/Assets/Content/gltf/MaterialFunctions/MF_RotateNormals_TS.uexp" 838
"../../../Engine/Plugins/Interchange/Assets/Content/gltf/Textures/T_Generic_N.uasset" 839
"../../../Engine/Plugins/Interchange/Assets/Content/gltf/Textures/T_Generic_N.uexp" 840
"../../../Engine/Plugins/Interchange/Assets/Content/gltf/Textures/T_White_Linear.uasset" 841
"../../../Engine/Plugins/Interchange/Assets/Content/gltf/Textures/T_White_Linear.uexp" 842
"../../../Engine/Plugins/Interchange/Assets/Content/gltf/MaterialFunctions/MF_Clearcoat.uasset" 843
"../../../Engine/Plugins/Interchange/Assets/Content/gltf/MaterialFunctions/MF_Clearcoat.uexp" 844
"../../../Engine/Plugins/Interchange/Assets/Content/gltf/MaterialFunctions/MF_Emissive.uasset" 845
"../../../Engine/Plugins/Interchange/Assets/Content/gltf/MaterialFunctions/MF_Emissive.uexp" 846
"../../../Engine/Plugins/Interchange/Assets/Content/gltf/MaterialFunctions/MF_IOR.uasset" 847
"../../../Engine/Plugins/Interchange/Assets/Content/gltf/MaterialFunctions/MF_IOR.uexp" 848
"../../../Engine/Plugins/Interchange/Assets/Content/gltf/MaterialFunctions/MF_Iridescence.uasset" 849
"../../../Engine/Plugins/Interchange/Assets/Content/gltf/MaterialFunctions/MF_Iridescence.uexp" 850
"../../../Engine/Plugins/Interchange/Assets/Content/gltf/MaterialFunctions/MF_MetallicRoughness.uasset" 851
"../../../Engine/Plugins/Interchange/Assets/Content/gltf/MaterialFunctions/MF_MetallicRoughness.uexp" 852
"../../../Engine/Plugins/Interchange/Assets/Content/gltf/MaterialFunctions/MF_ScaleNormal.uasset" 853
"../../../Engine/Plugins/Interchange/Assets/Content/gltf/MaterialFunctions/MF_ScaleNormal.uexp" 854
"../../../Engine/Plugins/Interchange/Assets/Content/gltf/MaterialFunctions/MF_Normals.uasset" 855
"../../../Engine/Plugins/Interchange/Assets/Content/gltf/MaterialFunctions/MF_Normals.uexp" 856
"../../../Engine/Plugins/Interchange/Assets/Content/gltf/MaterialFunctions/MF_Occlusion.uasset" 857
"../../../Engine/Plugins/Interchange/Assets/Content/gltf/MaterialFunctions/MF_Occlusion.uexp" 858
"../../../Engine/Plugins/Interchange/Assets/Content/gltf/MaterialFunctions/MF_Specular.uasset" 859
"../../../Engine/Plugins/Interchange/Assets/Content/gltf/MaterialFunctions/MF_Specular.uexp" 860
"../../../Engine/Plugins/Interchange/Assets/Content/gltf/Textures/T_Anisotropy_Direction_Linear.uasset" 861
"../../../Engine/Plugins/Interchange/Assets/Content/gltf/Textures/T_Anisotropy_Direction_Linear.uexp" 862
"../../../Engine/Plugins/Interchange/Assets/Content/gltf/MaterialFunctions/MF_SpecularAnisotropy.uasset" 863
"../../../Engine/Plugins/Interchange/Assets/Content/gltf/MaterialFunctions/MF_SpecularAnisotropy.uexp" 864
"../../../Engine/Plugins/Interchange/Assets/Content/gltf/MaterialFunctions/MF_RotateV2.uasset" 865
"../../../Engine/Plugins/Interchange/Assets/Content/gltf/MaterialFunctions/MF_RotateV2.uexp" 866
"../../../Engine/Plugins/Interchange/Assets/Content/gltf/MaterialFunctions/MF_TransformUVs.uasset" 867
"../../../Engine/Plugins/Interchange/Assets/Content/gltf/MaterialFunctions/MF_TransformUVs.uexp" 868
"../../../Engine/Plugins/Interchange/Assets/Content/gltf/MaterialBodies/MF_ClearCoat_Body.uasset" 869
"../../../Engine/Plugins/Interchange/Assets/Content/gltf/MaterialBodies/MF_ClearCoat_Body.uexp" 870
"../../../Engine/Plugins/Interchange/Assets/Content/gltf/M_ClearCoat.uasset" 871
"../../../Engine/Plugins/Interchange/Assets/Content/gltf/M_ClearCoat.uexp" 872
"../../../Engine/Plugins/Interchange/Assets/Content/gltf/MaterialInstances/MI_ClearCoat_Blend.uasset" 873
"../../../Engine/Plugins/Interchange/Assets/Content/gltf/MaterialInstances/MI_ClearCoat_Blend.uexp" 874
"../../../Engine/Plugins/Interchange/Assets/Content/gltf/MaterialInstances/MI_ClearCoat_Blend_DS.uasset" 875
"../../../Engine/Plugins/Interchange/Assets/Content/gltf/MaterialInstances/MI_ClearCoat_Blend_DS.uexp" 876
"../../../Engine/Plugins/Interchange/Assets/Content/gltf/MaterialInstances/MI_ClearCoat_Mask.uasset" 877
"../../../Engine/Plugins/Interchange/Assets/Content/gltf/MaterialInstances/MI_ClearCoat_Mask.uexp" 878
"../../../Engine/Plugins/Interchange/Assets/Content/gltf/MaterialInstances/MI_ClearCoat_Mask_DS.uasset" 879
"../../../Engine/Plugins/Interchange/Assets/Content/gltf/MaterialInstances/MI_ClearCoat_Mask_DS.uexp" 880
"../../../Engine/Content/EngineMaterials/DefaultWhiteGrid.ubulk" 881
"../../../Engine/Content/EngineMaterials/DefaultWhiteGrid.uasset" 882
"../../../Engine/Content/EngineMaterials/DefaultWhiteGrid.uexp" 883
"../../../Engine/Plugins/Interchange/Assets/Content/gltf/MaterialInstances/MI_ClearCoat_Opaque.uasset" 884
"../../../Engine/Plugins/Interchange/Assets/Content/gltf/MaterialInstances/MI_ClearCoat_Opaque.uexp" 885
"../../../Engine/Plugins/Interchange/Assets/Content/gltf/MaterialInstances/MI_ClearCoat_Opaque_DS.uasset" 886
"../../../Engine/Plugins/Interchange/Assets/Content/gltf/MaterialInstances/MI_ClearCoat_Opaque_DS.uexp" 887
"../../../Engine/Plugins/Interchange/Assets/Content/gltf/MaterialBodies/MF_Default_Body.uasset" 888
"../../../Engine/Plugins/Interchange/Assets/Content/gltf/MaterialBodies/MF_Default_Body.uexp" 889
"../../../Engine/Plugins/Interchange/Assets/Content/gltf/M_Default.uasset" 890
"../../../Engine/Plugins/Interchange/Assets/Content/gltf/M_Default.uexp" 891
"../../../Engine/Plugins/Interchange/Assets/Content/gltf/MaterialInstances/MI_Default_Blend.uasset" 892
"../../../Engine/Plugins/Interchange/Assets/Content/gltf/MaterialInstances/MI_Default_Blend.uexp" 893
"../../../Engine/Plugins/Interchange/Assets/Content/gltf/MaterialInstances/MI_Default_Blend_DS.uasset" 894
"../../../Engine/Plugins/Interchange/Assets/Content/gltf/MaterialInstances/MI_Default_Blend_DS.uexp" 895
"../../../Engine/Plugins/Interchange/Assets/Content/gltf/MaterialInstances/MI_Default_Mask.uasset" 896
"../../../Engine/Plugins/Interchange/Assets/Content/gltf/MaterialInstances/MI_Default_Mask.uexp" 897
"../../../Engine/Plugins/Interchange/Assets/Content/gltf/MaterialInstances/MI_Default_Mask_DS.uasset" 898
"../../../Engine/Plugins/Interchange/Assets/Content/gltf/MaterialInstances/MI_Default_Mask_DS.uexp" 899
"../../../Engine/Plugins/Interchange/Assets/Content/gltf/MaterialInstances/MI_Default_Opaque.uasset" 900
"../../../Engine/Plugins/Interchange/Assets/Content/gltf/MaterialInstances/MI_Default_Opaque.uexp" 901
"../../../Engine/Plugins/Interchange/Assets/Content/gltf/MaterialInstances/MI_Default_Opaque_DS.uasset" 902
"../../../Engine/Plugins/Interchange/Assets/Content/gltf/MaterialInstances/MI_Default_Opaque_DS.uexp" 903
"../../../Engine/Plugins/Interchange/Assets/Content/gltf/MaterialFunctions/MF_Sheen.uasset" 904
"../../../Engine/Plugins/Interchange/Assets/Content/gltf/MaterialFunctions/MF_Sheen.uexp" 905
"../../../Engine/Plugins/Interchange/Assets/Content/gltf/MaterialBodies/MF_Sheen_Body.uasset" 906
"../../../Engine/Plugins/Interchange/Assets/Content/gltf/MaterialBodies/MF_Sheen_Body.uexp" 907
"../../../Engine/Plugins/Interchange/Assets/Content/gltf/M_Sheen.uasset" 908
"../../../Engine/Plugins/Interchange/Assets/Content/gltf/M_Sheen.uexp" 909
"../../../Engine/Plugins/Interchange/Assets/Content/gltf/MaterialInstances/MI_Sheen_Blend.uasset" 910
"../../../Engine/Plugins/Interchange/Assets/Content/gltf/MaterialInstances/MI_Sheen_Blend.uexp" 911
"../../../Engine/Plugins/Interchange/Assets/Content/gltf/MaterialInstances/MI_Sheen_Blend_DS.uasset" 912
"../../../Engine/Plugins/Interchange/Assets/Content/gltf/MaterialInstances/MI_Sheen_Blend_DS.uexp" 913
"../../../Engine/Plugins/Interchange/Assets/Content/gltf/MaterialInstances/MI_Sheen_Mask.uasset" 914
"../../../Engine/Plugins/Interchange/Assets/Content/gltf/MaterialInstances/MI_Sheen_Mask.uexp" 915
"../../../Engine/Plugins/Interchange/Assets/Content/gltf/MaterialInstances/MI_Sheen_Mask_DS.uasset" 916
"../../../Engine/Plugins/Interchange/Assets/Content/gltf/MaterialInstances/MI_Sheen_Mask_DS.uexp" 917
"../../../Engine/Plugins/Interchange/Assets/Content/gltf/MaterialInstances/MI_Sheen_Opaque.uasset" 918
"../../../Engine/Plugins/Interchange/Assets/Content/gltf/MaterialInstances/MI_Sheen_Opaque.uexp" 919
"../../../Engine/Plugins/Interchange/Assets/Content/gltf/MaterialInstances/MI_Sheen_Opaque_DS.uasset" 920
"../../../Engine/Plugins/Interchange/Assets/Content/gltf/MaterialInstances/MI_Sheen_Opaque_DS.uexp" 921
"../../../Engine/Content/EngineMaterials/DefaultWhiteGrid_Low.uasset" 922
"../../../Engine/Content/EngineMaterials/DefaultWhiteGrid_Low.uexp" 923
"../../../Engine/Content/EngineMaterials/EmissiveMeshMaterial.uasset" 924
"../../../Engine/Content/EngineMaterials/EmissiveMeshMaterial.uexp" 925
"../../../Engine/Plugins/Interchange/Assets/Content/gltf/MaterialFunctions/MF_DiffuseSpecGloss.uasset" 926
"../../../Engine/Plugins/Interchange/Assets/Content/gltf/MaterialFunctions/MF_DiffuseSpecGloss.uexp" 927
"../../../Engine/Plugins/Interchange/Assets/Content/gltf/MaterialFunctions/MF_MaxComponentValue.uasset" 928
"../../../Engine/Plugins/Interchange/Assets/Content/gltf/MaterialFunctions/MF_MaxComponentValue.uexp" 929
"../../../Engine/Content/Functions/Engine_MaterialFunctions02/Math/AddComponents.uasset" 930
"../../../Engine/Content/Functions/Engine_MaterialFunctions02/Math/AddComponents.uexp" 931
"../../../Engine/Plugins/Interchange/Assets/Content/gltf/MaterialFunctions/MF_PerceivedBrightness.uasset" 932
"../../../Engine/Plugins/Interchange/Assets/Content/gltf/MaterialFunctions/MF_PerceivedBrightness.uexp" 933
"../../../Engine/Plugins/Interchange/Assets/Content/gltf/MaterialFunctions/MF_SpecGlossToMetalRoughness.uasset" 934
"../../../Engine/Plugins/Interchange/Assets/Content/gltf/MaterialFunctions/MF_SpecGlossToMetalRoughness.uexp" 935
"../../../Engine/Plugins/Interchange/Assets/Content/gltf/MaterialBodies/MF_SpecularGlossiness_Body.uasset" 936
"../../../Engine/Plugins/Interchange/Assets/Content/gltf/MaterialBodies/MF_SpecularGlossiness_Body.uexp" 937
"../../../Engine/Plugins/Interchange/Assets/Content/gltf/M_SpecularGlossiness.uasset" 938
"../../../Engine/Plugins/Interchange/Assets/Content/gltf/M_SpecularGlossiness.uexp" 939
"../../../Engine/Plugins/Interchange/Assets/Content/gltf/MaterialInstances/MI_SpecularGlossiness_Blend.uasset" 940
"../../../Engine/Plugins/Interchange/Assets/Content/gltf/MaterialInstances/MI_SpecularGlossiness_Blend.uexp" 941
"../../../Engine/Plugins/Interchange/Assets/Content/gltf/MaterialInstances/MI_SpecularGlossiness_Blend_DS.uasset" 942
"../../../Engine/Plugins/Interchange/Assets/Content/gltf/MaterialInstances/MI_SpecularGlossiness_Blend_DS.uexp" 943
"../../../Engine/Plugins/Interchange/Assets/Content/gltf/MaterialInstances/MI_SpecularGlossiness_Mask.uasset" 944
"../../../Engine/Plugins/Interchange/Assets/Content/gltf/MaterialInstances/MI_SpecularGlossiness_Mask.uexp" 945
"../../../Engine/Plugins/Interchange/Assets/Content/gltf/MaterialInstances/MI_SpecularGlossiness_Mask_DS.uasset" 946
"../../../Engine/Plugins/Interchange/Assets/Content/gltf/MaterialInstances/MI_SpecularGlossiness_Mask_DS.uexp" 947
"../../../Engine/Plugins/Interchange/Assets/Content/gltf/MaterialInstances/MI_SpecularGlossiness_Opaque.uasset" 948
"../../../Engine/Plugins/Interchange/Assets/Content/gltf/MaterialInstances/MI_SpecularGlossiness_Opaque.uexp" 949
"../../../Engine/Plugins/Interchange/Assets/Content/gltf/MaterialInstances/MI_SpecularGlossiness_Opaque_DS.uasset" 950
"../../../Engine/Plugins/Interchange/Assets/Content/gltf/MaterialInstances/MI_SpecularGlossiness_Opaque_DS.uexp" 951
"../../../Engine/Content/EngineMaterials/Good64x64TilingNoiseHighFreq.uasset" 952
"../../../Engine/Content/EngineMaterials/Good64x64TilingNoiseHighFreq.uexp" 953
"../../../Engine/Content/Functions/Engine_MaterialFunctions02/Texturing/ScreenAlignedPixelToPixelUVs.uasset" 954
"../../../Engine/Content/Functions/Engine_MaterialFunctions02/Texturing/ScreenAlignedPixelToPixelUVs.uexp" 955
"../../../Engine/Plugins/Interchange/Assets/Content/gltf/MaterialFunctions/MF_Fresnel_DS.uasset" 956
"../../../Engine/Plugins/Interchange/Assets/Content/gltf/MaterialFunctions/MF_Fresnel_DS.uexp" 957
"../../../Engine/Plugins/Interchange/Assets/Content/gltf/MaterialFunctions/MF_Temporal_Blur.uasset" 958
"../../../Engine/Plugins/Interchange/Assets/Content/gltf/MaterialFunctions/MF_Temporal_Blur.uexp" 959
"../../../Engine/Plugins/Interchange/Assets/Content/gltf/MaterialFunctions/MF_Transmission.uasset" 960
"../../../Engine/Plugins/Interchange/Assets/Content/gltf/MaterialFunctions/MF_Transmission.uexp" 961
"../../../Engine/Plugins/Interchange/Assets/Content/gltf/MaterialBodies/MF_Transmission_Body.uasset" 962
"../../../Engine/Plugins/Interchange/Assets/Content/gltf/MaterialBodies/MF_Transmission_Body.uexp" 963
"../../../Engine/Plugins/Interchange/Assets/Content/gltf/M_Transmission.uasset" 964
"../../../Engine/Plugins/Interchange/Assets/Content/gltf/M_Transmission.uexp" 965
"../../../Engine/Plugins/Interchange/Assets/Content/gltf/MaterialInstances/MI_Transmission.uasset" 966
"../../../Engine/Plugins/Interchange/Assets/Content/gltf/MaterialInstances/MI_Transmission.uexp" 967
"../../../Engine/Plugins/Interchange/Assets/Content/gltf/MaterialInstances/MI_Transmission_DS.uasset" 968
"../../../Engine/Plugins/Interchange/Assets/Content/gltf/MaterialInstances/MI_Transmission_DS.uexp" 969
"../../../Engine/Content/EngineMaterials/FastBlueNoise_scalar_128x128x64.uasset" 970
"../../../Engine/Content/EngineMaterials/FastBlueNoise_scalar_128x128x64.uexp" 971
"../../../Engine/Plugins/Interchange/Assets/Content/gltf/MaterialBodies/MF_Unlit_Body.uasset" 972
"../../../Engine/Plugins/Interchange/Assets/Content/gltf/MaterialBodies/MF_Unlit_Body.uexp" 973
"../../../Engine/Plugins/Interchange/Assets/Content/gltf/M_Unlit.uasset" 974
"../../../Engine/Plugins/Interchange/Assets/Content/gltf/M_Unlit.uexp" 975
"../../../Engine/Plugins/Interchange/Assets/Content/gltf/MaterialInstances/MI_Unlit_Blend.uasset" 976
"../../../Engine/Plugins/Interchange/Assets/Content/gltf/MaterialInstances/MI_Unlit_Blend.uexp" 977
"../../../Engine/Plugins/Interchange/Assets/Content/gltf/MaterialInstances/MI_Unlit_Blend_DS.uasset" 978
"../../../Engine/Plugins/Interchange/Assets/Content/gltf/MaterialInstances/MI_Unlit_Blend_DS.uexp" 979
"../../../Engine/Plugins/Interchange/Assets/Content/gltf/MaterialInstances/MI_Unlit_Mask.uasset" 980
"../../../Engine/Plugins/Interchange/Assets/Content/gltf/MaterialInstances/MI_Unlit_Mask.uexp" 981
"../../../Engine/Plugins/Interchange/Assets/Content/gltf/MaterialInstances/MI_Unlit_Mask_DS.uasset" 982
"../../../Engine/Plugins/Interchange/Assets/Content/gltf/MaterialInstances/MI_Unlit_Mask_DS.uexp" 983
"../../../Engine/Content/EngineMaterials/FastBlueNoise_scalar_128x128x8.uasset" 984
"../../../Engine/Content/EngineMaterials/FastBlueNoise_scalar_128x128x8.uexp" 985
"../../../Engine/Plugins/Interchange/Assets/Content/gltf/MaterialInstances/MI_Unlit_Opaque.uasset" 986
"../../../Engine/Plugins/Interchange/Assets/Content/gltf/MaterialInstances/MI_Unlit_Opaque.uexp" 987
"../../../Engine/Plugins/Interchange/Assets/Content/gltf/MaterialInstances/MI_Unlit_Opaque_DS.uasset" 988
"../../../Engine/Plugins/Interchange/Assets/Content/gltf/MaterialInstances/MI_Unlit_Opaque_DS.uexp" 989
"../../../Engine/Content/EngineMaterials/FastBlueNoise_vec2_128x128x64.uasset" 990
"../../../Engine/Content/EngineMaterials/FastBlueNoise_vec2_128x128x64.uexp" 991
"../../../Engine/Content/EngineMaterials/BaseFlattenDiffuseMap.uasset" 992
"../../../Engine/Content/EngineMaterials/BaseFlattenDiffuseMap.uexp" 993
"../../../Engine/Content/EngineMaterials/BaseFlattenEmissiveMap.uasset" 994
"../../../Engine/Content/EngineMaterials/BaseFlattenEmissiveMap.uexp" 995
"../../../Engine/Content/EngineMaterials/BaseFlattenGrayscaleMap.uasset" 996
"../../../Engine/Content/EngineMaterials/BaseFlattenGrayscaleMap.uexp" 997
"../../../Engine/Content/EngineMaterials/BaseFlattenLinearColor.uasset" 998
"../../../Engine/Content/EngineMaterials/BaseFlattenLinearColor.uexp" 999
"../../../Engine/Content/EngineMaterials/BaseFlattenNormalMap.uasset" 1000
"../../../Engine/Content/EngineMaterials/BaseFlattenNormalMap.uexp" 1001
"../../../Engine/Content/EngineMaterials/FlattenMaterial.uasset" 1002
"../../../Engine/Content/EngineMaterials/FlattenMaterial.uexp" 1003
"../../../Engine/Content/ArtTools/RenderToTexture/Meshes/S_1_Unit_Plane.ubulk" 1004
"../../../Engine/Content/ArtTools/RenderToTexture/Meshes/S_1_Unit_Plane.uasset" 1005
"../../../Engine/Content/ArtTools/RenderToTexture/Meshes/S_1_Unit_Plane.uexp" 1006
"../../../Engine/Content/EngineMaterials/Substrate/GLints/AGlintTex2dArray.uasset" 1007
"../../../Engine/Content/EngineMaterials/Substrate/GLints/AGlintTex2dArray.uexp" 1008
"../../../Engine/Plugins/Animation/DeformerGraph/Content/DeformerFunctions/DG_Function_LinearBlendSkin_Morph_Cloth.uasset" 1009
"../../../Engine/Plugins/Animation/DeformerGraph/Content/DeformerFunctions/DG_Function_LinearBlendSkin_Morph_Cloth.uexp" 1010
"../../../Engine/Plugins/Animation/DeformerGraph/Content/Deformers/DG_LinearBlendSkin_Morph_Cloth.uasset" 1011
"../../../Engine/Plugins/Animation/DeformerGraph/Content/Deformers/DG_LinearBlendSkin_Morph_Cloth.uexp" 1012
"../../../Engine/Plugins/Animation/DeformerGraph/Content/DeformerFunctions/DG_Function_ComputeNormalsTangents.uasset" 1013
"../../../Engine/Plugins/Animation/DeformerGraph/Content/DeformerFunctions/DG_Function_ComputeNormalsTangents.uexp" 1014
"../../../Engine/Plugins/Animation/DeformerGraph/Content/DeformerFunctions/DG_Function_LinearBlendSkin_Morph_Cloth_PositionOnly.uasset" 1015
"../../../Engine/Plugins/Animation/DeformerGraph/Content/DeformerFunctions/DG_Function_LinearBlendSkin_Morph_Cloth_PositionOnly.uexp" 1016
"../../../Engine/Plugins/Animation/DeformerGraph/Content/Deformers/DG_LinearBlendSkin_Morph_Cloth_RecomputeNormals.uasset" 1017
"../../../Engine/Plugins/Animation/DeformerGraph/Content/Deformers/DG_LinearBlendSkin_Morph_Cloth_RecomputeNormals.uexp" 1018
"../../../Engine/Content/EngineMaterials/Substrate/Glints2/AGlintTex2dArray2.uasset" 1019
"../../../Engine/Content/EngineMaterials/Substrate/Glints2/AGlintTex2dArray2.uexp" 1020
"../../../Engine/Content/Functions/Engine_MaterialFunctions01/Shading/ConvertFromDiffSpec.uasset" 1021
"../../../Engine/Content/Functions/Engine_MaterialFunctions01/Shading/ConvertFromDiffSpec.uexp" 1022
"../../../Engine/Content/Functions/Engine_MaterialFunctions01/Shading/PowerToRoughness.uasset" 1023
"../../../Engine/Content/Functions/Engine_MaterialFunctions01/Shading/PowerToRoughness.uexp" 1024
"../../../Engine/Content/EngineMaterials/Substrate/Volume/SubstrateSimpleVolumeEnvLUT3D.uasset" 1025
"../../../Engine/Content/EngineMaterials/Substrate/Volume/SubstrateSimpleVolumeEnvLUT3D.uexp" 1026
"../../../Engine/Content/EngineMaterials/Substrate/Volume/SubstrateSimpleVolumeLUT3D.uasset" 1027
"../../../Engine/Content/EngineMaterials/Substrate/Volume/SubstrateSimpleVolumeLUT3D.uexp" 1028
"D:/Dev/DoomlikeParryGame/Content/Input/Actions/IA_Jump.uasset" 1029
"D:/Dev/DoomlikeParryGame/Content/Input/Actions/IA_Jump.uexp" 1030
"D:/Dev/DoomlikeParryGame/Content/Input/Actions/IA_Look.uasset" 1031
"D:/Dev/DoomlikeParryGame/Content/Input/Actions/IA_Look.uexp" 1032
"D:/Dev/DoomlikeParryGame/Content/Input/Actions/IA_Move.uasset" 1033
"D:/Dev/DoomlikeParryGame/Content/Input/Actions/IA_Move.uexp" 1034
"D:/Dev/DoomlikeParryGame/Content/Input/Actions/IA_MouseLook.uasset" 1035
"D:/Dev/DoomlikeParryGame/Content/Input/Actions/IA_MouseLook.uexp" 1036
"../../../Engine/Plugins/Animation/ControlRig/Content/Controls/DefaultGizmoLibraryNormalized.uasset" 1037
"../../../Engine/Plugins/Animation/ControlRig/Content/Controls/DefaultGizmoLibraryNormalized.uexp" 1038
"D:/Dev/DoomlikeParryGame/Content/FirstPerson/Anims/CtrlRig_FPWarp.uasset" 1039
"D:/Dev/DoomlikeParryGame/Content/FirstPerson/Anims/CtrlRig_FPWarp.uexp" 1040
"D:/Dev/DoomlikeParryGame/Content/Characters/Mannequins/Meshes/SK_Mannequin.uasset" 1041
"D:/Dev/DoomlikeParryGame/Content/Characters/Mannequins/Meshes/SK_Mannequin.uexp" 1042
"D:/Dev/DoomlikeParryGame/Content/FirstPerson/Anims/ABP_FP_Copy.uasset" 1043
"D:/Dev/DoomlikeParryGame/Content/FirstPerson/Anims/ABP_FP_Copy.uexp" 1044
"D:/Dev/DoomlikeParryGame/Content/Characters/Mannequins/Rigs/PA_Mannequin.uasset" 1045
"D:/Dev/DoomlikeParryGame/Content/Characters/Mannequins/Rigs/PA_Mannequin.uexp" 1046
"D:/Dev/DoomlikeParryGame/Content/Characters/Mannequins/Textures/Manny/T_Manny_01_BN.ubulk" 1047
"D:/Dev/DoomlikeParryGame/Content/Characters/Mannequins/Textures/Manny/T_Manny_01_BN.uasset" 1048
"D:/Dev/DoomlikeParryGame/Content/Characters/Mannequins/Textures/Manny/T_Manny_01_BN.uexp" 1049
"D:/Dev/DoomlikeParryGame/Content/Characters/Mannequins/Textures/Manny/T_Manny_01_D.ubulk" 1050
"D:/Dev/DoomlikeParryGame/Content/Characters/Mannequins/Textures/Manny/T_Manny_01_D.uasset" 1051
"D:/Dev/DoomlikeParryGame/Content/Characters/Mannequins/Textures/Manny/T_Manny_01_D.uexp" 1052
"D:/Dev/DoomlikeParryGame/Content/Characters/Mannequins/Textures/Manny/T_Manny_01_MRA.ubulk" 1053
"D:/Dev/DoomlikeParryGame/Content/Characters/Mannequins/Textures/Manny/T_Manny_01_MRA.uasset" 1054
"D:/Dev/DoomlikeParryGame/Content/Characters/Mannequins/Textures/Manny/T_Manny_01_MRA.uexp" 1055
"D:/Dev/DoomlikeParryGame/Content/Characters/Mannequins/Textures/Shared/T_UE_Logo_M.uasset" 1056
"D:/Dev/DoomlikeParryGame/Content/Characters/Mannequins/Textures/Shared/T_UE_Logo_M.uexp" 1057
"D:/Dev/DoomlikeParryGame/Content/Characters/Mannequins/Materials/M_Mannequin.uasset" 1058
"D:/Dev/DoomlikeParryGame/Content/Characters/Mannequins/Materials/M_Mannequin.uexp" 1059
"D:/Dev/DoomlikeParryGame/Content/Characters/Mannequins/Materials/Manny/MI_Manny_01_New.uasset" 1060
"D:/Dev/DoomlikeParryGame/Content/Characters/Mannequins/Materials/Manny/MI_Manny_01_New.uexp" 1061
"D:/Dev/DoomlikeParryGame/Content/Characters/Mannequins/Textures/Manny/T_Manny_02_BN.ubulk" 1062
"D:/Dev/DoomlikeParryGame/Content/Characters/Mannequins/Textures/Manny/T_Manny_02_BN.uasset" 1063
"D:/Dev/DoomlikeParryGame/Content/Characters/Mannequins/Textures/Manny/T_Manny_02_BN.uexp" 1064
"D:/Dev/DoomlikeParryGame/Content/Characters/Mannequins/Textures/Manny/T_Manny_02_D.ubulk" 1065
"D:/Dev/DoomlikeParryGame/Content/Characters/Mannequins/Textures/Manny/T_Manny_02_D.uasset" 1066
"D:/Dev/DoomlikeParryGame/Content/Characters/Mannequins/Textures/Manny/T_Manny_02_D.uexp" 1067
"D:/Dev/DoomlikeParryGame/Content/Characters/Mannequins/Textures/Manny/T_Manny_02_MRA.ubulk" 1068
"D:/Dev/DoomlikeParryGame/Content/Characters/Mannequins/Textures/Manny/T_Manny_02_MRA.uasset" 1069
"D:/Dev/DoomlikeParryGame/Content/Characters/Mannequins/Textures/Manny/T_Manny_02_MRA.uexp" 1070
"D:/Dev/DoomlikeParryGame/Content/Characters/Mannequins/Materials/Manny/MI_Manny_02_New.uasset" 1071
"D:/Dev/DoomlikeParryGame/Content/Characters/Mannequins/Materials/Manny/MI_Manny_02_New.uexp" 1072
"D:/Dev/DoomlikeParryGame/Content/Characters/Mannequins/Meshes/SKM_Manny_Simple.uasset" 1073
"D:/Dev/DoomlikeParryGame/Content/Characters/Mannequins/Meshes/SKM_Manny_Simple.uexp" 1074
"D:/Dev/DoomlikeParryGame/Content/Input/Touch/BPI_TouchInterface.uasset" 1075
"D:/Dev/DoomlikeParryGame/Content/Input/Touch/BPI_TouchInterface.uexp" 1076
"../../../Engine/Content/MobileResources/HUD/VirtualJoystick_Background.uasset" 1077
"../../../Engine/Content/MobileResources/HUD/VirtualJoystick_Background.uexp" 1078
"../../../Engine/Content/MobileResources/HUD/VirtualJoystick_Thumb.uasset" 1079
"../../../Engine/Content/MobileResources/HUD/VirtualJoystick_Thumb.uexp" 1080
"D:/Dev/DoomlikeParryGame/Content/Input/Touch/UI_Thumbstick.uasset" 1081
"D:/Dev/DoomlikeParryGame/Content/Input/Touch/UI_Thumbstick.uexp" 1082
"D:/Dev/DoomlikeParryGame/Content/Input/Touch/UI_TouchSimple.uasset" 1083
"D:/Dev/DoomlikeParryGame/Content/Input/Touch/UI_TouchSimple.uexp" 1084
"../../../Engine/Content/Animation/DefaultAnimBoneCompressionSettings.uasset" 1085
"../../../Engine/Content/Animation/DefaultAnimBoneCompressionSettings.uexp" 1086
"../../../Engine/Content/Animation/DefaultAnimCurveCompressionSettings.uasset" 1087
"../../../Engine/Content/Animation/DefaultAnimCurveCompressionSettings.uexp" 1088
"../../../Engine/Content/Animation/DefaultVariableFrameStrippingSettings.uasset" 1089
"../../../Engine/Content/Animation/DefaultVariableFrameStrippingSettings.uexp" 1090
"D:/Dev/DoomlikeParryGame/Content/Characters/Mannequins/Anims/Unarmed/MM_Idle.uasset" 1091
"D:/Dev/DoomlikeParryGame/Content/Characters/Mannequins/Anims/Unarmed/MM_Idle.uexp" 1092
"D:/Dev/DoomlikeParryGame/Content/Characters/Mannequins/Anims/Unarmed/Jog/MF_Unarmed_Jog_Bwd.uasset" 1093
"D:/Dev/DoomlikeParryGame/Content/Characters/Mannequins/Anims/Unarmed/Jog/MF_Unarmed_Jog_Bwd.uexp" 1094
"../../../Engine/Plugins/Animation/ACLPlugin/Content/ACLAnimCurveCompressionSettings.uasset" 1095
"../../../Engine/Plugins/Animation/ACLPlugin/Content/ACLAnimCurveCompressionSettings.uexp" 1096
"../../../Engine/Content/Animation/DefaultRecorderBoneCompression.uasset" 1097
"../../../Engine/Content/Animation/DefaultRecorderBoneCompression.uexp" 1098
"D:/Dev/DoomlikeParryGame/Content/Characters/Mannequins/Anims/Unarmed/Jog/MF_Unarmed_Jog_Bwd_Left.uasset" 1099
"D:/Dev/DoomlikeParryGame/Content/Characters/Mannequins/Anims/Unarmed/Jog/MF_Unarmed_Jog_Bwd_Left.uexp" 1100
"D:/Dev/DoomlikeParryGame/Content/Characters/Mannequins/Anims/Unarmed/Jog/MF_Unarmed_Jog_Bwd_Right.uasset" 1101
"D:/Dev/DoomlikeParryGame/Content/Characters/Mannequins/Anims/Unarmed/Jog/MF_Unarmed_Jog_Bwd_Right.uexp" 1102
"D:/Dev/DoomlikeParryGame/Content/Characters/Mannequins/Anims/Unarmed/Jog/MF_Unarmed_Jog_Fwd.uasset" 1103
"D:/Dev/DoomlikeParryGame/Content/Characters/Mannequins/Anims/Unarmed/Jog/MF_Unarmed_Jog_Fwd.uexp" 1104
"D:/Dev/DoomlikeParryGame/Content/Characters/Mannequins/Anims/Unarmed/Jog/MF_Unarmed_Jog_Fwd_Left.uasset" 1105
"D:/Dev/DoomlikeParryGame/Content/Characters/Mannequins/Anims/Unarmed/Jog/MF_Unarmed_Jog_Fwd_Left.uexp" 1106
"D:/Dev/DoomlikeParryGame/Content/Characters/Mannequins/Anims/Unarmed/Jog/MF_Unarmed_Jog_Fwd_Right.uasset" 1107
"D:/Dev/DoomlikeParryGame/Content/Characters/Mannequins/Anims/Unarmed/Jog/MF_Unarmed_Jog_Fwd_Right.uexp" 1108
"D:/Dev/DoomlikeParryGame/Content/Characters/Mannequins/Anims/Unarmed/Jog/MF_Unarmed_Jog_Left.uasset" 1109
"D:/Dev/DoomlikeParryGame/Content/Characters/Mannequins/Anims/Unarmed/Jog/MF_Unarmed_Jog_Left.uexp" 1110
"D:/Dev/DoomlikeParryGame/Content/Characters/Mannequins/Anims/Unarmed/Jog/MF_Unarmed_Jog_Right.uasset" 1111
"D:/Dev/DoomlikeParryGame/Content/Characters/Mannequins/Anims/Unarmed/Jog/MF_Unarmed_Jog_Right.uexp" 1112
"D:/Dev/DoomlikeParryGame/Content/Characters/Mannequins/Anims/Unarmed/Walk/MF_Unarmed_Walk_Bwd.uasset" 1113
"D:/Dev/DoomlikeParryGame/Content/Characters/Mannequins/Anims/Unarmed/Walk/MF_Unarmed_Walk_Bwd.uexp" 1114
"D:/Dev/DoomlikeParryGame/Content/Characters/Mannequins/Anims/Unarmed/Walk/MF_Unarmed_Walk_Bwd_Left.uasset" 1115
"D:/Dev/DoomlikeParryGame/Content/Characters/Mannequins/Anims/Unarmed/Walk/MF_Unarmed_Walk_Bwd_Left.uexp" 1116
"D:/Dev/DoomlikeParryGame/Content/Characters/Mannequins/Anims/Unarmed/Walk/MF_Unarmed_Walk_Bwd_Right.uasset" 1117
"D:/Dev/DoomlikeParryGame/Content/Characters/Mannequins/Anims/Unarmed/Walk/MF_Unarmed_Walk_Bwd_Right.uexp" 1118
"D:/Dev/DoomlikeParryGame/Content/Characters/Mannequins/Anims/Unarmed/Walk/MF_Unarmed_Walk_Fwd.uasset" 1119
"D:/Dev/DoomlikeParryGame/Content/Characters/Mannequins/Anims/Unarmed/Walk/MF_Unarmed_Walk_Fwd.uexp" 1120
"D:/Dev/DoomlikeParryGame/Content/Characters/Mannequins/Anims/Unarmed/Walk/MF_Unarmed_Walk_Fwd_Left.uasset" 1121
"D:/Dev/DoomlikeParryGame/Content/Characters/Mannequins/Anims/Unarmed/Walk/MF_Unarmed_Walk_Fwd_Left.uexp" 1122
"D:/Dev/DoomlikeParryGame/Content/Characters/Mannequins/Anims/Unarmed/Walk/MF_Unarmed_Walk_Fwd_Right.uasset" 1123
"D:/Dev/DoomlikeParryGame/Content/Characters/Mannequins/Anims/Unarmed/Walk/MF_Unarmed_Walk_Fwd_Right.uexp" 1124
"D:/Dev/DoomlikeParryGame/Content/Characters/Mannequins/Anims/Unarmed/Walk/MF_Unarmed_Walk_Left.uasset" 1125
"D:/Dev/DoomlikeParryGame/Content/Characters/Mannequins/Anims/Unarmed/Walk/MF_Unarmed_Walk_Left.uexp" 1126
"D:/Dev/DoomlikeParryGame/Content/Characters/Mannequins/Anims/Unarmed/Walk/MF_Unarmed_Walk_Right.uasset" 1127
"D:/Dev/DoomlikeParryGame/Content/Characters/Mannequins/Anims/Unarmed/Walk/MF_Unarmed_Walk_Right.uexp" 1128
"D:/Dev/DoomlikeParryGame/Content/Characters/Mannequins/Anims/Unarmed/BS_Idle_Walk_Run.uasset" 1129
"D:/Dev/DoomlikeParryGame/Content/Characters/Mannequins/Anims/Unarmed/BS_Idle_Walk_Run.uexp" 1130
"D:/Dev/DoomlikeParryGame/Content/Characters/Mannequins/Anims/Unarmed/Jump/MM_Fall_Loop.uasset" 1131
"D:/Dev/DoomlikeParryGame/Content/Characters/Mannequins/Anims/Unarmed/Jump/MM_Fall_Loop.uexp" 1132
"D:/Dev/DoomlikeParryGame/Content/Characters/Mannequins/Anims/Unarmed/Jump/MM_Jump.uasset" 1133
"D:/Dev/DoomlikeParryGame/Content/Characters/Mannequins/Anims/Unarmed/Jump/MM_Jump.uexp" 1134
"D:/Dev/DoomlikeParryGame/Content/Characters/Mannequins/Anims/Unarmed/Jump/MM_Land.uasset" 1135
"D:/Dev/DoomlikeParryGame/Content/Characters/Mannequins/Anims/Unarmed/Jump/MM_Land.uexp" 1136
"D:/Dev/DoomlikeParryGame/Content/Characters/Mannequins/Rigs/CR_Mannequin_FootIK.uasset" 1137
"D:/Dev/DoomlikeParryGame/Content/Characters/Mannequins/Rigs/CR_Mannequin_FootIK.uexp" 1138
"D:/Dev/DoomlikeParryGame/Content/Characters/Mannequins/Anims/Unarmed/ABP_Unarmed.uasset" 1139
"D:/Dev/DoomlikeParryGame/Content/Characters/Mannequins/Anims/Unarmed/ABP_Unarmed.uexp" 1140
"D:/Dev/DoomlikeParryGame/Content/FirstPerson/Blueprints/BP_FirstPersonCharacter.uasset" 1141
"D:/Dev/DoomlikeParryGame/Content/FirstPerson/Blueprints/BP_FirstPersonCharacter.uexp" 1142
"D:/Dev/DoomlikeParryGame/Content/Input/IMC_Default.uasset" 1143
"D:/Dev/DoomlikeParryGame/Content/Input/IMC_Default.uexp" 1144
"D:/Dev/DoomlikeParryGame/Content/Input/IMC_MouseLook.uasset" 1145
"D:/Dev/DoomlikeParryGame/Content/Input/IMC_MouseLook.uexp" 1146
"D:/Dev/DoomlikeParryGame/Content/FirstPerson/Blueprints/BP_FirstPersonCameraManager.uasset" 1147
"D:/Dev/DoomlikeParryGame/Content/FirstPerson/Blueprints/BP_FirstPersonCameraManager.uexp" 1148
"D:/Dev/DoomlikeParryGame/Content/FirstPerson/Blueprints/BP_FirstPersonPlayerController.uasset" 1149
"D:/Dev/DoomlikeParryGame/Content/FirstPerson/Blueprints/BP_FirstPersonPlayerController.uexp" 1150
"D:/Dev/DoomlikeParryGame/Content/FirstPerson/Blueprints/BP_FirstPersonGameMode.uasset" 1151
"D:/Dev/DoomlikeParryGame/Content/FirstPerson/Blueprints/BP_FirstPersonGameMode.uexp" 1152
"D:/Dev/DoomlikeParryGame/Content/FirstPerson/Lvl_FirstPerson.uexp" 1153
"D:/Dev/DoomlikeParryGame/Content/FirstPerson/Lvl_FirstPerson.umap" 1154
"../../../Engine/Content/Maps/Entry_BuiltData.uasset" 1155
"../../../Engine/Content/Maps/Entry_BuiltData.uexp" 1156
"../../../Engine/Content/Maps/Entry.uexp" 1157
"../../../Engine/Content/Maps/Entry.umap" 1158
